,question,tag,correct_url,correct_id,returned_id,mrr_score,urls
45,dポイントとは何ですか？,ｄマーケット,https://d.dmkt-sp.jp/common/qa/category/dpoint/index001.html,137,"[990, 955, 954, 802, 962]",0,"['https://travel.dmkt-sp.jp/faq/52/', 'https://travel.dmkt-sp.jp/faq/109/', 'https://travel.dmkt-sp.jp/faq/112/', 'https://travel.dmkt-sp.jp/faq/12/', 'https://travel.dmkt-sp.jp/faq/154/']"
97,ポイントが利用できません。,ｄトラベル,https://travel.dmkt-sp.jp/faq/14/,769,"[816, 938, 924, 991, 769]",0,"['https://travel.dmkt-sp.jp/faq/87/', 'https://travel.dmkt-sp.jp/faq/172/', 'https://travel.dmkt-sp.jp/faq/27/', 'https://travel.dmkt-sp.jp/faq/53/', 'https://travel.dmkt-sp.jp/faq/14/']"
98,ポイントについて教えてください。,ｄトラベル,https://travel.dmkt-sp.jp/faq/15/,942,"[955, 826, 821, 956, 959]",0,"['https://travel.dmkt-sp.jp/faq/109/', 'https://travel.dmkt-sp.jp/faq/152/', 'https://travel.dmkt-sp.jp/faq/13/', 'https://travel.dmkt-sp.jp/faq/111/', 'https://travel.dmkt-sp.jp/faq/153/']"
108,予約した後にクーポンを利用できますか。,ｄトラベル,https://travel.dmkt-sp.jp/faq/25/,923,"[678, 706, 712, 705, 993]",0,"['https://travel.dmkt-sp.jp/howto/coupon/', 'https://travel.dmkt-sp.jp/coupon/20201109/', 'https://travel.dmkt-sp.jp/coupon/20201118/', 'https://travel.dmkt-sp.jp/coupon/20201104/', 'https://travel.dmkt-sp.jp/coupon/20200707/']"
156,何日先の予約まで可能ですか。,ｄトラベル,https://travel.dmkt-sp.jp/faq/73/,1022,"[1019, 390, 516, 1022, 321]",0,"['https://travel.dmkt-sp.jp/faq/70/', 'https://faq.carshare.dmkt-sp.jp/faq/show/146', 'https://faq.carshare.dmkt-sp.jp/faq/show/147', 'https://travel.dmkt-sp.jp/faq/73/', 'https://faq.carshare.dmkt-sp.jp/faq/show/390']"
188,メールサービスとは何ですか。,ｄトラベル,https://travel.dmkt-sp.jp/faq/105/,943,"[972, 820, 945, 943, 62]",0,"['https://travel.dmkt-sp.jp/faq/176/', 'https://travel.dmkt-sp.jp/faq/121/', 'https://travel.dmkt-sp.jp/faq/106/', 'https://travel.dmkt-sp.jp/faq/105/', 'https://d.dmkt-sp.jp/common/qa/category/mail_push/index003.html']"
202,何枚まで購入できますか。,ｄトラベル,https://travel.dmkt-sp.jp/faq/119/,1037,"[989, 976, 987, 677, 156]",0,"['https://travel.dmkt-sp.jp/faq/116/', 'https://travel.dmkt-sp.jp/faq/125/', 'https://travel.dmkt-sp.jp/faq/115/', 'https://travel.dmkt-sp.jp/howto/lecoupon/', 'https://d.dmkt-sp.jp/sugoroku/item/index.html']"
250,dトラベル電子チケット専用デスクの連絡先を教えてください。,ｄトラベル,https://travel.dmkt-sp.jp/faq/170/,306,"[974, 727, 986, 1266, 997]",0,"['https://travel.dmkt-sp.jp/faq/170/', 'https://travel.dmkt-sp.jp/faq/169', 'https://travel.dmkt-sp.jp/faq/113/', nan, 'https://travel.dmkt-sp.jp/contact/leisure/']"
251,dカーシェアで利用できるレンタカーサービスは何がありますか？ ,ｄカーシェア,https://faq.carshare.dmkt-sp.jp/faq/show/4?back=front%2Fcategory%3Ashow&category_id=10&page=1&site_domain=default&sort=sort_access&sort_order=desc,307,"[536, 323, 535, 470, 368]",0,"['https://faq.carshare.dmkt-sp.jp/faq/show/4', 'https://faq.carshare.dmkt-sp.jp/faq/show/392', 'https://faq.carshare.dmkt-sp.jp/faq/show/365', 'https://faq.carshare.dmkt-sp.jp/faq/show/372', 'https://faq.carshare.dmkt-sp.jp/faq/show/367']"
252,利用規約に違反した場合、どの様な対応が取られますか？ ,ｄカーシェア,https://faq.carshare.dmkt-sp.jp/faq/show/9?back=front%2Fcategory%3Ashow&category_id=10&page=1&site_domain=default&sort=sort_access&sort_order=desc,519,"[551, 228, 721, 722, 328]",0,"['https://faq.carshare.dmkt-sp.jp/faq/show/9', 'https://faq.carshare.dmkt-sp.jp/category/show/10', 'https://travel.dmkt-sp.jp/terms/kikaku', 'https://travel.dmkt-sp.jp/terms/eticket', 'https://faq.carshare.dmkt-sp.jp/faq/show/362']"
253,マイカーシェアとは、どんなサービスですか？ ,ｄカーシェア,https://faq.carshare.dmkt-sp.jp/faq/show/3?back=front%2Fcategory%3Ashow&category_id=10&page=1&site_domain=default&sort=sort_access&sort_order=desc,518,"[502, 360, 385, 383, 567]",0,"['https://faq.carshare.dmkt-sp.jp/faq/show/346', 'https://faq.carshare.dmkt-sp.jp/faq/show/331', 'https://faq.carshare.dmkt-sp.jp/faq/show/314', 'https://faq.carshare.dmkt-sp.jp/faq/show/3', 'https://faq.carshare.dmkt-sp.jp/faq/show/338']"
254,BMWのレンタカーとは、どんなサービスですか？ ,ｄカーシェア,https://faq.carshare.dmkt-sp.jp/faq/show/5?back=front%2Fcategory%3Ashow&category_id=10&page=1&site_domain=default&sort=sort_access&sort_order=desc,94,"[303, 320, 323, 304, 286]",0,"['https://faq.carshare.dmkt-sp.jp/faq/show/5', 'https://faq.carshare.dmkt-sp.jp/faq/show/393', 'https://faq.carshare.dmkt-sp.jp/faq/show/392', 'https://faq.carshare.dmkt-sp.jp/faq/show/380', 'https://faq.carshare.dmkt-sp.jp/faq/show/395']"
255,dカーシェアで利用できるカーシェアサービスは何がありますか？ ,ｄカーシェア,https://faq.carshare.dmkt-sp.jp/faq/show/1?back=front%2Fcategory%3Ashow&category_id=10&page=1&site_domain=default&sort=sort_access&sort_order=desc,135,"[549, 323, 536, 189, 580]",0,"['https://faq.carshare.dmkt-sp.jp/faq/show/1', 'https://faq.carshare.dmkt-sp.jp/faq/show/392', 'https://faq.carshare.dmkt-sp.jp/faq/show/4', 'https://faq.carshare.dmkt-sp.jp/faq/show/15', 'https://faq.carshare.dmkt-sp.jp/faq/show/41']"
256,会員登録・月額利用料・年会費は無料ですか？ ,ｄカーシェア,https://faq.carshare.dmkt-sp.jp/faq/show/7?back=front%2Fcategory%3Ashow&category_id=10&page=1&site_domain=default&sort=sort_access&sort_order=desc,123,"[550, 1133, 1072, 1117, 386]",0,"['https://faq.carshare.dmkt-sp.jp/faq/show/7', nan, nan, nan, 'https://faq.carshare.dmkt-sp.jp/faq/show/10']"
257,ドコモ回線契約者以外でも利用できますか？ ,ｄカーシェア,https://faq.carshare.dmkt-sp.jp/faq/show/8?back=front%2Fcategory%3Ashow&category_id=10&page=1&site_domain=default&sort=sort_access&sort_order=desc,142,"[548, 195, 416, 386, 223]",0,"['https://faq.carshare.dmkt-sp.jp/faq/show/8', 'https://faq.carshare.dmkt-sp.jp/category/show/11', 'https://faq.carshare.dmkt-sp.jp/faq/show/19', 'https://faq.carshare.dmkt-sp.jp/faq/show/10', 'https://faq.carshare.dmkt-sp.jp/faq/show/14']"
258,dカーシェア会員登録申請後、いつからサービスを利用できますか？ ,ｄカーシェア,https://faq.carshare.dmkt-sp.jp/faq/show/15?back=front%2Fcategory%3Ashow&category_id=11&page=1&site_domain=default&sort=sort_access&sort_order=desc,103,"[189, 386, 205, 323, 195]",0,"['https://faq.carshare.dmkt-sp.jp/faq/show/15', 'https://faq.carshare.dmkt-sp.jp/faq/show/10', 'https://faq.carshare.dmkt-sp.jp/faq/show/24', 'https://faq.carshare.dmkt-sp.jp/faq/show/392', 'https://faq.carshare.dmkt-sp.jp/category/show/11']"
259,dカーシェアの退会方法を教えてください。 ,ｄカーシェア,https://faq.carshare.dmkt-sp.jp/faq/show/20?back=front%2Fcategory%3Ashow&category_id=11&page=1&site_domain=default&sort=sort_access&sort_order=desc,100,"[198, 1128, 195, 585, 1071]",0,"['https://faq.carshare.dmkt-sp.jp/faq/show/20', nan, 'https://faq.carshare.dmkt-sp.jp/category/show/11', 'https://faq.carshare.dmkt-sp.jp/faq/show/318', nan]"
260,dカーシェア会員の入会に必要なものを教えてください。 ,ｄカーシェア,https://faq.carshare.dmkt-sp.jp/faq/show/14?back=front%2Fcategory%3Ashow&category_id=11&page=1&site_domain=default&sort=sort_access&sort_order=desc,87,"[415, 223, 412, 260, 402]",0,"['https://faq.carshare.dmkt-sp.jp/faq/show/11', 'https://faq.carshare.dmkt-sp.jp/faq/show/14', 'https://faq.carshare.dmkt-sp.jp/faq/show/12', 'https://faq.carshare.dmkt-sp.jp/faq/show/193', 'https://faq.carshare.dmkt-sp.jp/faq/show/194']"
261,予約中・利用中の場合でも退会できますか？ ,ｄカーシェア,https://faq.carshare.dmkt-sp.jp/faq/show/22?back=front%2Fcategory%3Ashow&category_id=11&page=1&site_domain=default&sort=sort_access&sort_order=desc,107,"[414, 198, 604, 195, 599]",0,"['https://faq.carshare.dmkt-sp.jp/faq/show/22', 'https://faq.carshare.dmkt-sp.jp/faq/show/20', 'https://faq.carshare.dmkt-sp.jp/faq/show/23', 'https://faq.carshare.dmkt-sp.jp/category/show/11', 'https://faq.carshare.dmkt-sp.jp/faq/show/21']"
262,dカーシェアでのカーシェア事業者会員番号の確認方法を教えてください。 ,ｄカーシェア,https://faq.carshare.dmkt-sp.jp/faq/show/13?back=front%2Fcategory%3Ashow&category_id=11&page=1&site_domain=default&sort=sort_access&sort_order=desc,64,"[413, 198, 415, 195, 440]",0,"['https://faq.carshare.dmkt-sp.jp/faq/show/13', 'https://faq.carshare.dmkt-sp.jp/faq/show/20', 'https://faq.carshare.dmkt-sp.jp/faq/show/11', 'https://faq.carshare.dmkt-sp.jp/category/show/11', 'https://faq.carshare.dmkt-sp.jp/faq/show/105']"
263,dカーシェアの入会方法を教えてください。 ,ｄカーシェア,https://faq.carshare.dmkt-sp.jp/faq/show/10?back=front%2Fcategory%3Ashow&category_id=11&page=1&site_domain=default&sort=sort_access&sort_order=desc,70,"[415, 386, 260, 402, 195]",0,"['https://faq.carshare.dmkt-sp.jp/faq/show/11', 'https://faq.carshare.dmkt-sp.jp/faq/show/10', 'https://faq.carshare.dmkt-sp.jp/faq/show/193', 'https://faq.carshare.dmkt-sp.jp/faq/show/194', 'https://faq.carshare.dmkt-sp.jp/category/show/11']"
264,「運転免許証番号が既に登録済み」と表示されて会員登録できないのですが、どうすればいいですか？ ,ｄカーシェア,https://faq.carshare.dmkt-sp.jp/faq/show/24?back=front%2Fcategory%3Ashow&category_id=11&page=1&site_domain=default&sort=sort_access&sort_order=desc,119,"[205, 386, 195, 174, 223]",0,"['https://faq.carshare.dmkt-sp.jp/faq/show/24', 'https://faq.carshare.dmkt-sp.jp/faq/show/10', 'https://faq.carshare.dmkt-sp.jp/category/show/11', 'https://faq.carshare.dmkt-sp.jp/category/show/2', 'https://faq.carshare.dmkt-sp.jp/faq/show/14']"
265,マイカーシェアで、オーナーとしての共同使用料の未受取金が残っている場合でも退会できますか？ ,ｄカーシェア,https://faq.carshare.dmkt-sp.jp/faq/show/21?back=front%2Fcategory%3Ashow&category_id=11&page=1&site_domain=default&sort=sort_access&sort_order=desc,71,"[599, 604, 384, 585, 1046]",0,"['https://faq.carshare.dmkt-sp.jp/faq/show/21', 'https://faq.carshare.dmkt-sp.jp/faq/show/23', 'https://faq.carshare.dmkt-sp.jp/faq/show/324', 'https://faq.carshare.dmkt-sp.jp/faq/show/318', 'https://faq.carshare.dmkt-sp.jp/faq/show/319']"
266,各カーシェア事業者の会員の入会方法を教えてください。 ,ｄカーシェア,https://faq.carshare.dmkt-sp.jp/faq/show/11?back=front%2Fcategory%3Ashow&category_id=11&page=1&site_domain=default&sort=sort_access&sort_order=desc,71,"[415, 412, 413, 195, 198]",0,"['https://faq.carshare.dmkt-sp.jp/faq/show/11', 'https://faq.carshare.dmkt-sp.jp/faq/show/12', 'https://faq.carshare.dmkt-sp.jp/faq/show/13', 'https://faq.carshare.dmkt-sp.jp/category/show/11', 'https://faq.carshare.dmkt-sp.jp/faq/show/20']"
267,引越したばかりで運転免許証記載の住所と現住所が異なります。どうしたらよろしいでしょうか? ,ｄカーシェア,https://faq.carshare.dmkt-sp.jp/faq/show/18?back=front%2Fcategory%3Ashow&category_id=11&page=1&site_domain=default&sort=sort_access&sort_order=desc,68,"[589, 223, 590, 195, 415]",0,"['https://faq.carshare.dmkt-sp.jp/faq/show/18', 'https://faq.carshare.dmkt-sp.jp/faq/show/14', 'https://faq.carshare.dmkt-sp.jp/faq/show/17', 'https://faq.carshare.dmkt-sp.jp/category/show/11', 'https://faq.carshare.dmkt-sp.jp/faq/show/11']"
268,既にカーシェア事業者の会員の場合、dカーシェアからでも入会できますか？,ｄカーシェア,https://faq.carshare.dmkt-sp.jp/faq/show/12?back=front%2Fcategory%3Ashow&category_id=11&page=2&site_domain=default&sort=sort_access&sort_order=desc,90,"[412, 415, 195, 413, 268]",0,"['https://faq.carshare.dmkt-sp.jp/faq/show/12', 'https://faq.carshare.dmkt-sp.jp/faq/show/11', 'https://faq.carshare.dmkt-sp.jp/category/show/11', 'https://faq.carshare.dmkt-sp.jp/faq/show/13', 'https://faq.carshare.dmkt-sp.jp/faq/show/27']"
269,会員登録時に運転免許証の原本カラー写真のアップロードが必要なのはなぜですか？ ,ｄカーシェア,https://faq.carshare.dmkt-sp.jp/faq/show/25?back=front%2Fcategory%3Ashow&category_id=11&page=2&site_domain=default&sort=sort_access&sort_order=desc,60,"[471, 386, 223, 589, 166]",0,"['https://faq.carshare.dmkt-sp.jp/faq/show/25', 'https://faq.carshare.dmkt-sp.jp/faq/show/10', 'https://faq.carshare.dmkt-sp.jp/faq/show/14', 'https://faq.carshare.dmkt-sp.jp/faq/show/18', 'https://faq.carshare.dmkt-sp.jp/category/show/12']"
270,会員登録の際に正しい電話番号を入力したにもかかわらず、電話番号認証のSMSが届きません。どうすれば良いですか？ ,ｄカーシェア,https://faq.carshare.dmkt-sp.jp/faq/show/19?back=front%2Fcategory%3Ashow&category_id=11&page=2&site_domain=default&sort=sort_access&sort_order=desc,118,"[416, 591, 91, 999, 640]",0,"['https://faq.carshare.dmkt-sp.jp/faq/show/19', 'https://faq.carshare.dmkt-sp.jp/faq/show/26', 'https://d.dmkt-sp.jp/common/qa/category/daccount/index005.html', 'https://travel.dmkt-sp.jp/reservation/resend/', 'https://travel.dmkt-sp.jp/reservation/guest/']"
271,マイカーシェアで共同使用契約を締結している場合、契約期間の途中でも退会できますか？ ,ｄカーシェア,https://faq.carshare.dmkt-sp.jp/faq/show/23?back=front%2Fcategory%3Ashow&category_id=11&page=2&site_domain=default&sort=sort_access&sort_order=desc,52,"[604, 384, 585, 1046, 187]",0,"['https://faq.carshare.dmkt-sp.jp/faq/show/23', 'https://faq.carshare.dmkt-sp.jp/faq/show/324', 'https://faq.carshare.dmkt-sp.jp/faq/show/318', 'https://faq.carshare.dmkt-sp.jp/faq/show/319', 'https://faq.carshare.dmkt-sp.jp/category/show/40']"
272,会員登録時にSMSにて電話番号認証をするのはなぜですか？ ,ｄカーシェア,https://faq.carshare.dmkt-sp.jp/faq/show/26?back=front%2Fcategory%3Ashow&category_id=11&page=2&site_domain=default&sort=sort_access&sort_order=desc,141,"[591, 416, 195, 657, 726]",0,"['https://faq.carshare.dmkt-sp.jp/faq/show/26', 'https://faq.carshare.dmkt-sp.jp/faq/show/19', 'https://faq.carshare.dmkt-sp.jp/category/show/11', 'https://travel.dmkt-sp.jp/feature/goto/coupon', 'https://travel.dmkt-sp.jp/terms/dtravel']"
273,氏名欄に全て文字入力が入りません。どうしたらよろしいでしょうか？ ,ｄカーシェア,https://faq.carshare.dmkt-sp.jp/faq/show/17?back=front%2Fcategory%3Ashow&category_id=11&page=2&site_domain=default&sort=sort_access&sort_order=desc,96,"[590, 1173, 589, 592, 999]",0,"['https://faq.carshare.dmkt-sp.jp/faq/show/17', nan, 'https://faq.carshare.dmkt-sp.jp/faq/show/18', 'https://faq.carshare.dmkt-sp.jp/faq/show/16', 'https://travel.dmkt-sp.jp/reservation/resend/']"
274,氏名入力の際に旧漢字など使用できない文字はありますか？ ,ｄカーシェア,https://faq.carshare.dmkt-sp.jp/faq/show/16?back=front%2Fcategory%3Ashow&category_id=11&page=2&site_domain=default&sort=sort_access&sort_order=desc,130,"[592, 590, 999, 187, 81]",0,"['https://faq.carshare.dmkt-sp.jp/faq/show/16', 'https://faq.carshare.dmkt-sp.jp/faq/show/17', 'https://travel.dmkt-sp.jp/reservation/resend/', 'https://faq.carshare.dmkt-sp.jp/category/show/40', 'https://d.dmkt-sp.jp/common/qa/category/zukan/index002.html']"
275,運転免許証の更新手続きや再発行をした時は、会員情報の変更は必要ですか？ ,ｄカーシェア,https://faq.carshare.dmkt-sp.jp/faq/show/28?back=front%2Fcategory%3Ashow&category_id=12&page=1&site_domain=default&sort=sort_access&sort_order=desc,136,"[267, 166, 268, 223, 195]",0,"['https://faq.carshare.dmkt-sp.jp/faq/show/28', 'https://faq.carshare.dmkt-sp.jp/category/show/12', 'https://faq.carshare.dmkt-sp.jp/faq/show/27', 'https://faq.carshare.dmkt-sp.jp/faq/show/14', 'https://faq.carshare.dmkt-sp.jp/category/show/11']"
276,dカーシェア会員情報を変更できますか？ ,ｄカーシェア,https://faq.carshare.dmkt-sp.jp/faq/show/27?back=front%2Fcategory%3Ashow&category_id=12&page=1&site_domain=default&sort=sort_access&sort_order=desc,53,"[268, 166, 267, 506, 10]",0,"['https://faq.carshare.dmkt-sp.jp/faq/show/27', 'https://faq.carshare.dmkt-sp.jp/category/show/12', 'https://faq.carshare.dmkt-sp.jp/faq/show/28', 'https://faq.carshare.dmkt-sp.jp/faq/show/58', 'https://d.dmkt-sp.jp/common/member/index.html']"
277,マイカーシェアのクルマオーナーですが、車検証の更新があった場合はクルマ情報の変更は必要ですか？ ,ｄカーシェア,https://faq.carshare.dmkt-sp.jp/faq/show/29?back=front%2Fcategory%3Ashow&category_id=12&page=1&site_domain=default&sort=sort_access&sort_order=desc,66,"[266, 166, 360, 183, 359]",0,"['https://faq.carshare.dmkt-sp.jp/faq/show/29', 'https://faq.carshare.dmkt-sp.jp/category/show/12', 'https://faq.carshare.dmkt-sp.jp/faq/show/331', 'https://faq.carshare.dmkt-sp.jp/category/show/42', 'https://faq.carshare.dmkt-sp.jp/faq/show/334']"
278,支払方法は何を選択できますか？ ,ｄカーシェア,https://faq.carshare.dmkt-sp.jp/faq/show/30?back=front%2Fcategory%3Ashow&category_id=13&page=1&site_domain=default&sort=sort_access&sort_order=desc,102,"[188, 559, 211, 230, 586]",0,"['https://faq.carshare.dmkt-sp.jp/faq/show/48', 'https://faq.carshare.dmkt-sp.jp/faq/show/35', 'https://faq.carshare.dmkt-sp.jp/faq/show/30', 'https://faq.carshare.dmkt-sp.jp/category/show/13', 'https://faq.carshare.dmkt-sp.jp/faq/show/31']"
279,料金の確定日・請求日などのスケジュールについて教えてください。 ,ｄカーシェア,https://faq.carshare.dmkt-sp.jp/faq/show/33?back=front%2Fcategory%3Ashow&category_id=13&page=1&site_domain=default&sort=sort_access&sort_order=desc,76,"[191, 1008, 1007, 393, 506]",0,"['https://faq.carshare.dmkt-sp.jp/faq/show/33', 'https://travel.dmkt-sp.jp/faq/50/', 'https://travel.dmkt-sp.jp/faq/49/', 'https://faq.carshare.dmkt-sp.jp/faq/show/32', 'https://faq.carshare.dmkt-sp.jp/faq/show/58']"
280,クレジットカードを登録、または登録情報の変更・削除をしたい場合はどうすればいいですか？ ,ｄカーシェア,https://faq.carshare.dmkt-sp.jp/faq/show/43?back=front%2Fcategory%3Ashow&category_id=13&page=1&site_domain=default&sort=sort_access&sort_order=desc,81,"[171, 353, 183, 10, 352]",0,"['https://faq.carshare.dmkt-sp.jp/faq/show/43', 'https://faq.carshare.dmkt-sp.jp/faq/show/337', 'https://faq.carshare.dmkt-sp.jp/category/show/42', 'https://d.dmkt-sp.jp/common/member/index.html', 'https://faq.carshare.dmkt-sp.jp/faq/show/335']"
281,支払方法としてコンビニ払いを選択できますか？ ,ｄカーシェア,https://faq.carshare.dmkt-sp.jp/faq/show/48?back=front%2Fcategory%3Ashow&category_id=13&page=1&site_domain=default&sort=sort_access&sort_order=desc,79,"[188, 559, 230, 607, 125]",0,"['https://faq.carshare.dmkt-sp.jp/faq/show/48', 'https://faq.carshare.dmkt-sp.jp/faq/show/35', 'https://faq.carshare.dmkt-sp.jp/category/show/13', 'https://faq.carshare.dmkt-sp.jp/faq/show/52', 'https://d.dmkt-sp.jp/common/qa/category/dmarket/index009.html']"
282,領収書は表示できますか？ ,ｄカーシェア,https://faq.carshare.dmkt-sp.jp/faq/show/34?back=front%2Fcategory%3Ashow&category_id=13&page=1&site_domain=default&sort=sort_access&sort_order=desc,85,"[210, 438, 230, 174, 1005]",0,"['https://faq.carshare.dmkt-sp.jp/faq/show/34', 'https://faq.carshare.dmkt-sp.jp/faq/show/114', 'https://faq.carshare.dmkt-sp.jp/category/show/13', 'https://faq.carshare.dmkt-sp.jp/category/show/2', 'https://travel.dmkt-sp.jp/faq/47/']"
283,プリペイドカード、デビットカードや海外発行のクレジットカードは利用できますか？ ,ｄカーシェア,https://faq.carshare.dmkt-sp.jp/faq/show/47?back=front%2Fcategory%3Ashow&category_id=13&page=1&site_domain=default&sort=sort_access&sort_order=desc,131,"[235, 171, 211, 174, 559]",0,"['https://faq.carshare.dmkt-sp.jp/faq/show/47', 'https://faq.carshare.dmkt-sp.jp/faq/show/43', 'https://faq.carshare.dmkt-sp.jp/faq/show/30', 'https://faq.carshare.dmkt-sp.jp/category/show/2', 'https://faq.carshare.dmkt-sp.jp/faq/show/35']"
284,予約時に選択した支払方法とは異なる方法で料金を請求される場合がありますか？ ,ｄカーシェア,https://faq.carshare.dmkt-sp.jp/faq/show/35?back=front%2Fcategory%3Ashow&category_id=13&page=1&site_domain=default&sort=sort_access&sort_order=desc,108,"[188, 559, 230, 174, 1008]",0,"['https://faq.carshare.dmkt-sp.jp/faq/show/48', 'https://faq.carshare.dmkt-sp.jp/faq/show/35', 'https://faq.carshare.dmkt-sp.jp/category/show/13', 'https://faq.carshare.dmkt-sp.jp/category/show/2', 'https://travel.dmkt-sp.jp/faq/50/']"
285,ｄポイント利用額を変更したいのですが、予約変更等で変更はできますか？ ,ｄカーシェア,https://faq.carshare.dmkt-sp.jp/faq/show/39?back=front%2Fcategory%3Ashow&category_id=13&page=1&site_domain=default&sort=sort_access&sort_order=desc,106,"[588, 331, 580, 375, 554]",0,"['https://faq.carshare.dmkt-sp.jp/faq/show/39', 'https://faq.carshare.dmkt-sp.jp/faq/show/168', 'https://faq.carshare.dmkt-sp.jp/faq/show/41', 'https://faq.carshare.dmkt-sp.jp/faq/show/167', 'https://faq.carshare.dmkt-sp.jp/faq/show/1064']"
286,dポイントは何に利用できますか？,ｄカーシェア,https://faq.carshare.dmkt-sp.jp/faq/show/36?back=front%2Fcategory%3Ashow&category_id=13&page=1&site_domain=default&sort=sort_access&sort_order=desc,125,"[816, 938, 924, 991, 769]",0,"['https://travel.dmkt-sp.jp/faq/87/', 'https://travel.dmkt-sp.jp/faq/172/', 'https://travel.dmkt-sp.jp/faq/27/', 'https://travel.dmkt-sp.jp/faq/53/', 'https://travel.dmkt-sp.jp/faq/14/']"
287,使われなかったdポイントはどうなりますか？,ｄカーシェア,https://faq.carshare.dmkt-sp.jp/faq/show/38?back=front%2Fcategory%3Ashow&category_id=13&page=1&site_domain=default&sort=sort_access&sort_order=desc,65,"[578, 77, 129, 147, 81]",0,"['https://faq.carshare.dmkt-sp.jp/faq/show/38', 'https://d.dmkt-sp.jp/common/qa/improvement/index.html', 'https://d.dmkt-sp.jp/common/qa/category/daccount/index001.html', 'https://d.dmkt-sp.jp/sugoroku/start/index.html', 'https://d.dmkt-sp.jp/common/qa/category/zukan/index002.html']"
288,コンビニ払いの支払い手順を教えてください。,ｄカーシェア,https://faq.carshare.dmkt-sp.jp/faq/show/51?back=front%2Fcategory%3Ashow&category_id=13&page=2&site_domain=default&sort=sort_access&sort_order=desc,69,"[557, 607, 230, 188, 600]",0,"['https://faq.carshare.dmkt-sp.jp/faq/show/51', 'https://faq.carshare.dmkt-sp.jp/faq/show/52', 'https://faq.carshare.dmkt-sp.jp/category/show/13', 'https://faq.carshare.dmkt-sp.jp/faq/show/48', 'https://faq.carshare.dmkt-sp.jp/faq/show/49']"
289,請求金額はどこで確認できますか？,ｄカーシェア,https://faq.carshare.dmkt-sp.jp/faq/show/32?back=front%2Fcategory%3Ashow&category_id=13&page=2&site_domain=default&sort=sort_access&sort_order=desc,132,"[393, 1007, 506, 1008, 230]",0,"['https://faq.carshare.dmkt-sp.jp/faq/show/32', 'https://travel.dmkt-sp.jp/faq/49/', 'https://faq.carshare.dmkt-sp.jp/faq/show/58', 'https://travel.dmkt-sp.jp/faq/50/', 'https://faq.carshare.dmkt-sp.jp/category/show/13']"
290,予約後、支払方法を変更することはできますか？,ｄカーシェア,https://faq.carshare.dmkt-sp.jp/faq/show/31?back=front%2Fcategory%3Ashow&category_id=13&page=2&site_domain=default&sort=sort_access&sort_order=desc,116,"[586, 188, 113, 171, 230]",0,"['https://faq.carshare.dmkt-sp.jp/faq/show/31', 'https://faq.carshare.dmkt-sp.jp/faq/show/48', 'https://d.dmkt-sp.jp/common/qa/category/other/index004.html', 'https://faq.carshare.dmkt-sp.jp/faq/show/43', 'https://faq.carshare.dmkt-sp.jp/category/show/13']"
291,dカーシェアクーポンを利用せずに予約申込みを完了しました。予約変更でクーポンは利用できますか？,ｄカーシェア,https://faq.carshare.dmkt-sp.jp/faq/show/41?back=front%2Fcategory%3Ashow&category_id=13&page=2&site_domain=default&sort=sort_access&sort_order=desc,139,"[580, 708, 686, 700, 703]",0,"['https://faq.carshare.dmkt-sp.jp/faq/show/41', 'https://travel.dmkt-sp.jp/coupon/20201110/', 'https://travel.dmkt-sp.jp/coupon/20201110_2/', 'https://travel.dmkt-sp.jp/coupon/20201002_2/', 'https://travel.dmkt-sp.jp/coupon/20201109_3/']"
292,dポイントの付与対象サービスと付与時期について教えてください。,ｄカーシェア,https://faq.carshare.dmkt-sp.jp/faq/show/37?back=front%2Fcategory%3Ashow&category_id=13&page=2&site_domain=default&sort=sort_access&sort_order=desc,111,"[558, 127, 87, 136, 644]",0,"['https://faq.carshare.dmkt-sp.jp/faq/show/37', 'https://d.dmkt-sp.jp/common/qa/category/maschalle/index004.html', 'https://d.dmkt-sp.jp/common/qa/category/sugoroku/index001.html', 'https://d.dmkt-sp.jp/common/qa/category/zukan/index007.html', 'https://travel.dmkt-sp.jp/campaign/lottery_point']"
293,コンビニ払いが発生した事はどこで確認できますか？,ｄカーシェア,https://faq.carshare.dmkt-sp.jp/faq/show/50?back=front%2Fcategory%3Ashow&category_id=13&page=2&site_domain=default&sort=sort_access&sort_order=desc,129,"[606, 188, 559, 557, 607]",0,"['https://faq.carshare.dmkt-sp.jp/faq/show/50', 'https://faq.carshare.dmkt-sp.jp/faq/show/48', 'https://faq.carshare.dmkt-sp.jp/faq/show/35', 'https://faq.carshare.dmkt-sp.jp/faq/show/51', 'https://faq.carshare.dmkt-sp.jp/faq/show/52']"
294,ローソン店舗以外でコンビニ払いを行うことはできますか？,ｄカーシェア,https://faq.carshare.dmkt-sp.jp/faq/show/49?back=front%2Fcategory%3Ashow&category_id=13&page=2&site_domain=default&sort=sort_access&sort_order=desc,63,"[600, 557, 230, 559, 606]",0,"['https://faq.carshare.dmkt-sp.jp/faq/show/49', 'https://faq.carshare.dmkt-sp.jp/faq/show/51', 'https://faq.carshare.dmkt-sp.jp/category/show/13', 'https://faq.carshare.dmkt-sp.jp/faq/show/35', 'https://faq.carshare.dmkt-sp.jp/faq/show/50']"
295,コンビニ払いの支払期限が切れてしまいました。どうすればいいですか？,ｄカーシェア,https://faq.carshare.dmkt-sp.jp/faq/show/52?back=front%2Fcategory%3Ashow&category_id=13&page=2&site_domain=default&sort=sort_access&sort_order=desc,134,"[607, 188, 557, 125, 559]",0,"['https://faq.carshare.dmkt-sp.jp/faq/show/52', 'https://faq.carshare.dmkt-sp.jp/faq/show/48', 'https://faq.carshare.dmkt-sp.jp/faq/show/51', 'https://d.dmkt-sp.jp/common/qa/category/dmarket/index009.html', 'https://faq.carshare.dmkt-sp.jp/faq/show/35']"
296,クレジットカード決済の支払い回数に制限はありますか？,ｄカーシェア,https://faq.carshare.dmkt-sp.jp/faq/show/46?back=front%2Fcategory%3Ashow&category_id=13&page=2&site_domain=default&sort=sort_access&sort_order=desc,105,"[603, 1006, 940, 646, 794]",0,"['https://faq.carshare.dmkt-sp.jp/faq/show/46', 'https://travel.dmkt-sp.jp/faq/48/', 'https://travel.dmkt-sp.jp/faq/9/', 'https://travel.dmkt-sp.jp/feature/goto/', 'https://travel.dmkt-sp.jp/faq/46/']"
297,給油はしたほうがいいですか？,ｄカーシェア,https://faq.carshare.dmkt-sp.jp/faq/show/56?back=front%2Fcategory%3Ashow&category_id=14&page=1&site_domain=default&sort=sort_access&sort_order=desc,91,"[430, 365, 1060, 399, 272]",0,"['https://faq.carshare.dmkt-sp.jp/faq/show/218', 'https://faq.carshare.dmkt-sp.jp/faq/show/56', 'https://faq.carshare.dmkt-sp.jp/faq/show/1082', 'https://faq.carshare.dmkt-sp.jp/faq/show/217', 'https://faq.carshare.dmkt-sp.jp/faq/show/219']"
298,ペット同乗は禁止ですか？,ｄカーシェア,https://faq.carshare.dmkt-sp.jp/faq/show/54?back=front%2Fcategory%3Ashow&category_id=14&page=1&site_domain=default&sort=sort_access&sort_order=desc,124,"[363, 184, 307, 217, 176]",0,"['https://faq.carshare.dmkt-sp.jp/faq/show/54', 'https://faq.carshare.dmkt-sp.jp/category/show/14', 'https://faq.carshare.dmkt-sp.jp/faq/show/400', 'https://faq.carshare.dmkt-sp.jp/category/show/56', 'https://faq.carshare.dmkt-sp.jp/category/show/8']"
299,利用終了前の車内清掃は必要ですか？,ｄカーシェア,https://faq.carshare.dmkt-sp.jp/faq/show/57?back=front%2Fcategory%3Ashow&category_id=14&page=1&site_domain=default&sort=sort_access&sort_order=desc,137,"[361, 593, 396, 576, 452]",0,"['https://faq.carshare.dmkt-sp.jp/faq/show/57', 'https://faq.carshare.dmkt-sp.jp/faq/show/230', 'https://faq.carshare.dmkt-sp.jp/faq/show/229', 'https://faq.carshare.dmkt-sp.jp/faq/show/231', 'https://faq.carshare.dmkt-sp.jp/faq/show/1086']"
300,車内は禁煙ですか？,ｄカーシェア,https://faq.carshare.dmkt-sp.jp/faq/show/53?back=front%2Fcategory%3Ashow&category_id=14&page=1&site_domain=default&sort=sort_access&sort_order=desc,97,"[364, 184, 367, 345, 407]",0,"['https://faq.carshare.dmkt-sp.jp/faq/show/53', 'https://faq.carshare.dmkt-sp.jp/category/show/14', 'https://faq.carshare.dmkt-sp.jp/faq/show/370', 'https://faq.carshare.dmkt-sp.jp/faq/show/280', 'https://faq.carshare.dmkt-sp.jp/faq/show/278']"
301,食べ物や香水などの持ち込みは禁止ですか？,ｄカーシェア,https://faq.carshare.dmkt-sp.jp/faq/show/55?back=front%2Fcategory%3Ashow&category_id=14&page=1&site_domain=default&sort=sort_access&sort_order=desc,95,"[362, 184, 366, 23, 363]",0,"['https://faq.carshare.dmkt-sp.jp/faq/show/55', 'https://faq.carshare.dmkt-sp.jp/category/show/14', 'https://faq.carshare.dmkt-sp.jp/faq/show/933', 'https://d.dmkt-sp.jp/myd/healthcare/index.html', 'https://faq.carshare.dmkt-sp.jp/faq/show/54']"
302,灯油の持ち込みは可能ですか？,ｄカーシェア,https://faq.carshare.dmkt-sp.jp/faq/show/933?back=front%2Fcategory%3Ashow&category_id=14&page=1&site_domain=default&sort=sort_access&sort_order=desc,140,"[366, 184, 362, 1057, 934]",0,"['https://faq.carshare.dmkt-sp.jp/faq/show/933', 'https://faq.carshare.dmkt-sp.jp/category/show/14', 'https://faq.carshare.dmkt-sp.jp/faq/show/55', 'https://carshare.dmkt-sp.jp/carsharing/insurance-toyotashare.html', 'https://travel.dmkt-sp.jp/feature/article/cottage/cottage_camp']"
303,機種変更時にデータ引き継ぎをしたいのですが、どうすればいいですか？,ｄカーシェア,https://faq.carshare.dmkt-sp.jp/faq/show/61?back=front%2Fcategory%3Ashow&category_id=15&page=1&site_domain=default&sort=sort_access&sort_order=desc,49,"[507, 64, 100, 57, 1237]",0,"['https://faq.carshare.dmkt-sp.jp/faq/show/61', 'https://d.dmkt-sp.jp/common/qa/category/sugoroku/index011.html', 'https://d.dmkt-sp.jp/common/qa/category/kuji/index003.html', 'https://d.dmkt-sp.jp/common/qa/category/maschalle/index002.html', nan]"
304,マイページでは何ができますか？ ,ｄカーシェア,https://faq.carshare.dmkt-sp.jp/faq/show/58?back=front%2Fcategory%3Ashow&category_id=15&page=1&site_domain=default&sort=sort_access&sort_order=desc,120,"[506, 1125, 1123, 1090, 1124]",0,"['https://faq.carshare.dmkt-sp.jp/faq/show/58', nan, nan, nan, nan]"
305,迷惑メール設定を行っているのですが、受信許可設定をする必要があるドメインを教えてください。,ｄカーシェア,https://faq.carshare.dmkt-sp.jp/faq/show/63?back=front%2Fcategory%3Ashow&category_id=15&page=1&site_domain=default&sort=sort_access&sort_order=desc,80,"[509, 498, 497, 1173, 951]",0,"['https://faq.carshare.dmkt-sp.jp/faq/show/63', 'https://faq.carshare.dmkt-sp.jp/faq/show/326', 'https://faq.carshare.dmkt-sp.jp/faq/show/327', nan, 'https://travel.dmkt-sp.jp/faq/58/']"
306,メールマガジンの配信を停止・希望したいのですが、どうすればいいですか？,ｄカーシェア,https://faq.carshare.dmkt-sp.jp/faq/show/62?back=front%2Fcategory%3Ashow&category_id=15&page=1&site_domain=default&sort=sort_access&sort_order=desc,54,"[510, 1190, 1188, 642, 972]",0,"['https://faq.carshare.dmkt-sp.jp/faq/show/62', nan, nan, 'https://travel.dmkt-sp.jp/mailmagazine/', 'https://travel.dmkt-sp.jp/faq/176/']"
307,お問い合わせフォームからの回答はいつもらえますか？,ｄカーシェア,https://faq.carshare.dmkt-sp.jp/faq/show/64?back=front%2Fcategory%3Ashow&category_id=15&page=1&site_domain=default&sort=sort_access&sort_order=desc,56,"[511, 1310, 1214, 784, 823]",0,"['https://faq.carshare.dmkt-sp.jp/faq/show/64', nan, nan, 'https://travel.dmkt-sp.jp/faq/other/', 'https://travel.dmkt-sp.jp/faq/leisure/leisure_other/']"
308,アプリ・サイト内で使用している地図の提供元はどこですか？,ｄカーシェア,https://faq.carshare.dmkt-sp.jp/faq/show/66?back=front%2Fcategory%3Ashow&category_id=15&page=1&site_domain=default&sort=sort_access&sort_order=desc,133,"[508, 215, 340, 254, 387]",0,"['https://faq.carshare.dmkt-sp.jp/faq/show/66', 'https://faq.carshare.dmkt-sp.jp/category/show/15', 'https://faq.carshare.dmkt-sp.jp/faq/show/160', 'https://faq.carshare.dmkt-sp.jp/faq/show/1062', 'https://faq.carshare.dmkt-sp.jp/faq/show/161']"
309,オリックスの利用料金の考え方について教えてください。,ｄカーシェア,https://faq.carshare.dmkt-sp.jp/faq/show/70?back=front%2Fcategory%3Ashow&category_id=16&page=1&site_domain=default&sort=sort_access&sort_order=desc,84,"[209, 313, 436, 401, 765]",0,"['https://faq.carshare.dmkt-sp.jp/faq/show/70', 'https://faq.carshare.dmkt-sp.jp/faq/show/71', 'https://faq.carshare.dmkt-sp.jp/faq/show/72', 'https://faq.carshare.dmkt-sp.jp/faq/show/1042', 'https://travel.dmkt-sp.jp/faq/97/']"
310,オリックスの給油割引・クーポンの申請方法を教えてください。,ｄカーシェア,https://faq.carshare.dmkt-sp.jp/faq/show/103?back=front%2Fcategory%3Ashow&category_id=16&page=1&site_domain=default&sort=sort_access&sort_order=desc,72,"[521, 440, 522, 316, 418]",0,"['https://faq.carshare.dmkt-sp.jp/faq/show/103', 'https://faq.carshare.dmkt-sp.jp/faq/show/105', 'https://faq.carshare.dmkt-sp.jp/faq/show/100', 'https://faq.carshare.dmkt-sp.jp/faq/show/101', 'https://faq.carshare.dmkt-sp.jp/faq/show/1048']"
311,オリックスの給油割引・クーポン等はありますか？,ｄカーシェア,https://faq.carshare.dmkt-sp.jp/faq/show/100?back=front%2Fcategory%3Ashow&category_id=16&page=1&site_domain=default&sort=sort_access&sort_order=desc,109,"[522, 521, 316, 418, 437]",0,"['https://faq.carshare.dmkt-sp.jp/faq/show/100', 'https://faq.carshare.dmkt-sp.jp/faq/show/103', 'https://faq.carshare.dmkt-sp.jp/faq/show/101', 'https://faq.carshare.dmkt-sp.jp/faq/show/1048', 'https://faq.carshare.dmkt-sp.jp/faq/show/102']"
312,オリックスの予約キャンセル料金について教えてください。,ｄカーシェア,https://faq.carshare.dmkt-sp.jp/faq/show/82?back=front%2Fcategory%3Ashow&category_id=16&page=1&site_domain=default&sort=sort_access&sort_order=desc,73,"[262, 525, 526, 265, 524]",0,"['https://faq.carshare.dmkt-sp.jp/faq/show/82', 'https://faq.carshare.dmkt-sp.jp/faq/show/172', 'https://faq.carshare.dmkt-sp.jp/faq/show/166', 'https://faq.carshare.dmkt-sp.jp/faq/show/178', 'https://faq.carshare.dmkt-sp.jp/faq/show/85']"
313,オリックスでの利用終了予定日時より早く利用終了した場合の利用料金はどうなりますか？,ｄカーシェア,https://faq.carshare.dmkt-sp.jp/faq/show/91?back=front%2Fcategory%3Ashow&category_id=16&page=1&site_domain=default&sort=sort_access&sort_order=desc,75,"[263, 435, 423, 314, 165]",0,"['https://faq.carshare.dmkt-sp.jp/faq/show/91', 'https://faq.carshare.dmkt-sp.jp/faq/show/93', 'https://faq.carshare.dmkt-sp.jp/faq/show/1046', 'https://faq.carshare.dmkt-sp.jp/faq/show/92', 'https://faq.carshare.dmkt-sp.jp/category/show/3']"
314,オリックスの利用終了時の距離料金表示が実際の利用と異なる事はありますか？,ｄカーシェア,https://faq.carshare.dmkt-sp.jp/faq/show/94?back=front%2Fcategory%3Ashow&category_id=16&page=1&site_domain=default&sort=sort_access&sort_order=desc,59,"[485, 421, 310, 441, 177]",0,"['https://faq.carshare.dmkt-sp.jp/faq/show/94', 'https://faq.carshare.dmkt-sp.jp/faq/show/1047', 'https://faq.carshare.dmkt-sp.jp/faq/show/95', 'https://faq.carshare.dmkt-sp.jp/faq/show/96', 'https://faq.carshare.dmkt-sp.jp/category/show/24']"
315,オリックスの超過料金について教えてください。,ｄカーシェア,https://faq.carshare.dmkt-sp.jp/faq/show/88?back=front%2Fcategory%3Ashow&category_id=16&page=1&site_domain=default&sort=sort_access&sort_order=desc,89,"[486, 265, 318, 434, 474]",0,"['https://faq.carshare.dmkt-sp.jp/faq/show/88', 'https://faq.carshare.dmkt-sp.jp/faq/show/178', 'https://faq.carshare.dmkt-sp.jp/faq/show/89', 'https://faq.carshare.dmkt-sp.jp/faq/show/90', 'https://faq.carshare.dmkt-sp.jp/faq/show/1045']"
316,オリックスの予約変更料金について教えてください。,ｄカーシェア,https://faq.carshare.dmkt-sp.jp/faq/show/85?back=front%2Fcategory%3Ashow&category_id=16&page=1&site_domain=default&sort=sort_access&sort_order=desc,83,"[524, 526, 525, 265, 527]",0,"['https://faq.carshare.dmkt-sp.jp/faq/show/85', 'https://faq.carshare.dmkt-sp.jp/faq/show/166', 'https://faq.carshare.dmkt-sp.jp/faq/show/172', 'https://faq.carshare.dmkt-sp.jp/faq/show/178', 'https://faq.carshare.dmkt-sp.jp/faq/show/169']"
317,オリックスで休日割引や深夜割引などのETC割引は受けられますか？,ｄカーシェア,https://faq.carshare.dmkt-sp.jp/faq/show/109?back=front%2Fcategory%3Ashow&category_id=16&page=1&site_domain=default&sort=sort_access&sort_order=desc,128,"[520, 311, 442, 476, 207]",0,"['https://faq.carshare.dmkt-sp.jp/faq/show/109', 'https://faq.carshare.dmkt-sp.jp/faq/show/110', 'https://faq.carshare.dmkt-sp.jp/faq/show/111', 'https://faq.carshare.dmkt-sp.jp/faq/show/1049', 'https://faq.carshare.dmkt-sp.jp/category/show/62']"
318,オリックスの提携している無料駐車場はありますか？ ,ｄカーシェア,https://faq.carshare.dmkt-sp.jp/faq/show/112?back=front%2Fcategory%3Ashow&category_id=16&page=1&site_domain=default&sort=sort_access&sort_order=desc,78,"[523, 317, 477, 438, 404]",0,"['https://faq.carshare.dmkt-sp.jp/faq/show/112', 'https://faq.carshare.dmkt-sp.jp/faq/show/113', 'https://faq.carshare.dmkt-sp.jp/faq/show/1050', 'https://faq.carshare.dmkt-sp.jp/faq/show/114', 'https://faq.carshare.dmkt-sp.jp/faq/show/257']"
319,オリックスの保険・追加補償の内容を教えてください。,ｄカーシェア,https://faq.carshare.dmkt-sp.jp/faq/show/133?back=front%2Fcategory%3Ashow&category_id=17&page=1&site_domain=default&sort=sort_access&sort_order=desc,61,"[251, 479, 562, 420, 465]",0,"['https://faq.carshare.dmkt-sp.jp/faq/show/133', 'https://faq.carshare.dmkt-sp.jp/faq/show/134', 'https://faq.carshare.dmkt-sp.jp/faq/show/135', 'https://faq.carshare.dmkt-sp.jp/faq/show/1057', 'https://faq.carshare.dmkt-sp.jp/faq/show/351']"
320,オリックスはカーナビやETC車載器は搭載されていますか？,ｄカーシェア,https://faq.carshare.dmkt-sp.jp/faq/show/118?back=front%2Fcategory%3Ashow&category_id=17&page=1&site_domain=default&sort=sort_access&sort_order=desc,57,"[247, 541, 563, 484, 163]",0,"['https://faq.carshare.dmkt-sp.jp/faq/show/118', 'https://faq.carshare.dmkt-sp.jp/faq/show/1052', 'https://faq.carshare.dmkt-sp.jp/faq/show/120', 'https://faq.carshare.dmkt-sp.jp/faq/show/119', 'https://faq.carshare.dmkt-sp.jp/category/show/17']"
321,オリックスはスタッドレスタイヤは装着していますか？,ｄカーシェア,https://faq.carshare.dmkt-sp.jp/faq/show/115?back=front%2Fcategory%3Ashow&category_id=17&page=1&site_domain=default&sort=sort_access&sort_order=desc,110,"[253, 540, 565, 478, 163]",0,"['https://faq.carshare.dmkt-sp.jp/faq/show/115', 'https://faq.carshare.dmkt-sp.jp/faq/show/1051', 'https://faq.carshare.dmkt-sp.jp/faq/show/117', 'https://faq.carshare.dmkt-sp.jp/faq/show/116', 'https://faq.carshare.dmkt-sp.jp/category/show/17']"
322,オリックスは子ども用シート（ジュニアシートやチャイルドシード）は搭載されていますか？,ｄカーシェア,https://faq.carshare.dmkt-sp.jp/faq/show/124?back=front%2Fcategory%3Ashow&category_id=17&page=1&site_domain=default&sort=sort_access&sort_order=desc,51,"[248, 560, 480, 539, 163]",0,"['https://faq.carshare.dmkt-sp.jp/faq/show/124', 'https://faq.carshare.dmkt-sp.jp/faq/show/126', 'https://faq.carshare.dmkt-sp.jp/faq/show/125', 'https://faq.carshare.dmkt-sp.jp/faq/show/1054', 'https://faq.carshare.dmkt-sp.jp/category/show/17']"
323,オリックスはCDプレイヤーなど、音楽視聴機器は搭載されていますか?,ｄカーシェア,https://faq.carshare.dmkt-sp.jp/faq/show/127?back=front%2Fcategory%3Ashow&category_id=17&page=1&site_domain=default&sort=sort_access&sort_order=desc,138,"[252, 538, 561, 482, 224]",0,"['https://faq.carshare.dmkt-sp.jp/faq/show/127', 'https://faq.carshare.dmkt-sp.jp/faq/show/1055', 'https://faq.carshare.dmkt-sp.jp/faq/show/129', 'https://faq.carshare.dmkt-sp.jp/faq/show/128', 'https://faq.carshare.dmkt-sp.jp/category/show/63']"
324,オリックスの利用した車両のETC車載器管理番号の確認方法を教えてください。,ｄカーシェア,https://faq.carshare.dmkt-sp.jp/faq/show/121?back=front%2Fcategory%3Ashow&category_id=17&page=1&site_domain=default&sort=sort_access&sort_order=desc,99,"[249, 481, 564, 542, 520]",0,"['https://faq.carshare.dmkt-sp.jp/faq/show/121', 'https://faq.carshare.dmkt-sp.jp/faq/show/122', 'https://faq.carshare.dmkt-sp.jp/faq/show/123', 'https://faq.carshare.dmkt-sp.jp/faq/show/1053', 'https://faq.carshare.dmkt-sp.jp/faq/show/109']"
325,オリックスは初心ドライバー標識（初心者マーク）や高齢ドライバー標識（高齢ドライバーマーク）は装備されていますか?,ｄカーシェア,https://faq.carshare.dmkt-sp.jp/faq/show/130?back=front%2Fcategory%3Ashow&category_id=17&page=1&site_domain=default&sort=sort_access&sort_order=desc,114,"[250, 537, 566, 483, 224]",0,"['https://faq.carshare.dmkt-sp.jp/faq/show/130', 'https://faq.carshare.dmkt-sp.jp/faq/show/1056', 'https://faq.carshare.dmkt-sp.jp/faq/show/132', 'https://faq.carshare.dmkt-sp.jp/faq/show/131', 'https://faq.carshare.dmkt-sp.jp/category/show/63']"
326,オリックスですでに他の利用者による予約が入っている場合、前後の予約できない時間を教えてください。,ｄカーシェア,https://faq.carshare.dmkt-sp.jp/faq/show/148?back=front%2Fcategory%3Ashow&category_id=18&page=1&site_domain=default&sort=sort_access&sort_order=desc,50,"[337, 256, 392, 515, 181]",0,"['https://faq.carshare.dmkt-sp.jp/faq/show/148', 'https://faq.carshare.dmkt-sp.jp/faq/show/1061', 'https://faq.carshare.dmkt-sp.jp/faq/show/149', 'https://faq.carshare.dmkt-sp.jp/faq/show/150', 'https://faq.carshare.dmkt-sp.jp/category/show/18']"
327,オリックスの予約は何日前からできますか？,ｄカーシェア,https://faq.carshare.dmkt-sp.jp/faq/show/136?back=front%2Fcategory%3Ashow&category_id=18&page=1&site_domain=default&sort=sort_access&sort_order=desc,55,"[339, 337, 527, 486, 265]",0,"['https://faq.carshare.dmkt-sp.jp/faq/show/136', 'https://faq.carshare.dmkt-sp.jp/faq/show/148', 'https://faq.carshare.dmkt-sp.jp/faq/show/169', 'https://faq.carshare.dmkt-sp.jp/faq/show/88', 'https://faq.carshare.dmkt-sp.jp/faq/show/178']"
328,オリックスで予約時にエラーが出てしまいます。どのようにすればいいでしょうか？,ｄカーシェア,https://faq.carshare.dmkt-sp.jp/faq/show/163?back=front%2Fcategory%3Ashow&category_id=18&page=1&site_domain=default&sort=sort_access&sort_order=desc,98,"[341, 257, 388, 512, 800]",0,"['https://faq.carshare.dmkt-sp.jp/faq/show/163', 'https://faq.carshare.dmkt-sp.jp/faq/show/1063', 'https://faq.carshare.dmkt-sp.jp/faq/show/164', 'https://faq.carshare.dmkt-sp.jp/faq/show/165', 'https://travel.dmkt-sp.jp/faq/16/']"
329,オリックスの最長の利用予約可能時間を教えてください。,ｄカーシェア,https://faq.carshare.dmkt-sp.jp/faq/show/139?back=front%2Fcategory%3Ashow&category_id=18&page=1&site_domain=default&sort=sort_access&sort_order=desc,62,"[336, 258, 389, 513, 181]",0,"['https://faq.carshare.dmkt-sp.jp/faq/show/139', 'https://faq.carshare.dmkt-sp.jp/faq/show/1059', 'https://faq.carshare.dmkt-sp.jp/faq/show/140', 'https://faq.carshare.dmkt-sp.jp/faq/show/141', 'https://faq.carshare.dmkt-sp.jp/category/show/18']"
330,オリックスは何分単位で利用予約可能か教えてください。,ｄカーシェア,https://faq.carshare.dmkt-sp.jp/faq/show/145?back=front%2Fcategory%3Ashow&category_id=18&page=1&site_domain=default&sort=sort_access&sort_order=desc,86,"[338, 336, 525, 265, 337]",0,"['https://faq.carshare.dmkt-sp.jp/faq/show/145', 'https://faq.carshare.dmkt-sp.jp/faq/show/139', 'https://faq.carshare.dmkt-sp.jp/faq/show/172', 'https://faq.carshare.dmkt-sp.jp/faq/show/178', 'https://faq.carshare.dmkt-sp.jp/faq/show/148']"
331,オリックスでアプリ・サイト内上で表示されないステーションはありますか？,ｄカーシェア,https://faq.carshare.dmkt-sp.jp/faq/show/160?back=front%2Fcategory%3Ashow&category_id=18&page=1&site_domain=default&sort=sort_access&sort_order=desc,104,"[340, 387, 517, 254, 270]",0,"['https://faq.carshare.dmkt-sp.jp/faq/show/160', 'https://faq.carshare.dmkt-sp.jp/faq/show/161', 'https://faq.carshare.dmkt-sp.jp/faq/show/162', 'https://faq.carshare.dmkt-sp.jp/faq/show/1062', 'https://faq.carshare.dmkt-sp.jp/faq/show/309']"
332,オリックスの返却時間の延長方法を教えてください。,ｄカーシェア,https://faq.carshare.dmkt-sp.jp/faq/show/178?back=front%2Fcategory%3Ashow&category_id=19&page=1&site_domain=default&sort=sort_access&sort_order=desc,92,"[265, 334, 373, 553, 521]",0,"['https://faq.carshare.dmkt-sp.jp/faq/show/178', 'https://faq.carshare.dmkt-sp.jp/faq/show/180', 'https://faq.carshare.dmkt-sp.jp/faq/show/179', 'https://faq.carshare.dmkt-sp.jp/faq/show/1076', 'https://faq.carshare.dmkt-sp.jp/faq/show/103']"
333,オリックスの予約のキャンセル方法を教えてください。,ｄカーシェア,https://faq.carshare.dmkt-sp.jp/faq/show/172?back=front%2Fcategory%3Ashow&category_id=19&page=1&site_domain=default&sort=sort_access&sort_order=desc,126,"[525, 526, 265, 262, 528]",0,"['https://faq.carshare.dmkt-sp.jp/faq/show/172', 'https://faq.carshare.dmkt-sp.jp/faq/show/166', 'https://faq.carshare.dmkt-sp.jp/faq/show/178', 'https://faq.carshare.dmkt-sp.jp/faq/show/82', 'https://faq.carshare.dmkt-sp.jp/faq/show/175']"
334,オリックスで利用開始予定時間に遅れそうな場合はどうすればよいですか？,ｄカーシェア,https://faq.carshare.dmkt-sp.jp/faq/show/175?back=front%2Fcategory%3Ashow&category_id=19&page=1&site_domain=default&sort=sort_access&sort_order=desc,122,"[528, 374, 555, 333, 165]",0,"['https://faq.carshare.dmkt-sp.jp/faq/show/175', 'https://faq.carshare.dmkt-sp.jp/faq/show/176', 'https://faq.carshare.dmkt-sp.jp/faq/show/1075', 'https://faq.carshare.dmkt-sp.jp/faq/show/177', 'https://faq.carshare.dmkt-sp.jp/category/show/3']"
335,オリックスの予約した利用予定期間の変更方法を教えてください。,ｄカーシェア,https://faq.carshare.dmkt-sp.jp/faq/show/166?back=front%2Fcategory%3Ashow&category_id=19&page=1&site_domain=default&sort=sort_access&sort_order=desc,88,"[526, 331, 375, 554, 265]",0,"['https://faq.carshare.dmkt-sp.jp/faq/show/166', 'https://faq.carshare.dmkt-sp.jp/faq/show/168', 'https://faq.carshare.dmkt-sp.jp/faq/show/167', 'https://faq.carshare.dmkt-sp.jp/faq/show/1064', 'https://faq.carshare.dmkt-sp.jp/faq/show/178']"
336,オリックスの予約変更では、ステーションやクルマの変更はできますか？,ｄカーシェア,https://faq.carshare.dmkt-sp.jp/faq/show/169?back=front%2Fcategory%3Ashow&category_id=19&page=1&site_domain=default&sort=sort_access&sort_order=desc,74,"[527, 332, 371, 552, 229]",0,"['https://faq.carshare.dmkt-sp.jp/faq/show/169', 'https://faq.carshare.dmkt-sp.jp/faq/show/171', 'https://faq.carshare.dmkt-sp.jp/faq/show/170', 'https://faq.carshare.dmkt-sp.jp/faq/show/1065', 'https://faq.carshare.dmkt-sp.jp/category/show/65']"
337,オリックス利用時の給油はどうすればよいですか？,ｄカーシェア,https://faq.carshare.dmkt-sp.jp/faq/show/214?back=front%2Fcategory%3Ashow&category_id=20&page=1&site_domain=default&sort=sort_access&sort_order=desc,82,"[222, 394, 419, 280, 426]",0,"['https://faq.carshare.dmkt-sp.jp/faq/show/214', 'https://faq.carshare.dmkt-sp.jp/faq/show/226', 'https://faq.carshare.dmkt-sp.jp/faq/show/1081', 'https://faq.carshare.dmkt-sp.jp/faq/show/216', 'https://faq.carshare.dmkt-sp.jp/faq/show/215']"
338,オリックスの給油カードはどのガソリンスタンドで使用できますか？,ｄカーシェア,https://faq.carshare.dmkt-sp.jp/faq/show/220?back=front%2Fcategory%3Ashow&category_id=20&page=1&site_domain=default&sort=sort_access&sort_order=desc,,,,
339,オリックス利用中にドライバーを交代してもよいですか？,ｄカーシェア,https://faq.carshare.dmkt-sp.jp/faq/show/193?back=front%2Fcategory%3Ashow&category_id=20&page=1&site_domain=default&sort=sort_access&sort_order=desc,,,,
340,オリックスカーシェアの利用開始と返却はどうすればいいですか？,ｄカーシェア,https://faq.carshare.dmkt-sp.jp/faq/show/184?back=front%2Fcategory%3Ashow&category_id=20&page=1&site_domain=default&sort=sort_access&sort_order=desc,,,,
341,オリックスでクルマの汚れが気になる場合、洗車してもよいですか？,ｄカーシェア,https://faq.carshare.dmkt-sp.jp/faq/show/226?back=front%2Fcategory%3Ashow&category_id=20&page=1&site_domain=default&sort=sort_access&sort_order=desc,,,,
342,オリックスで給油するガソリンに指定はありますか？また違う油種の燃料を給油してしまった場合はどうすればいいですか？,ｄカーシェア,https://faq.carshare.dmkt-sp.jp/faq/show/217?back=front%2Fcategory%3Ashow&category_id=20&page=1&site_domain=default&sort=sort_access&sort_order=desc,,,,
343,オリックスの車内の清掃は必要ですか？,ｄカーシェア,https://faq.carshare.dmkt-sp.jp/faq/show/229?back=front%2Fcategory%3Ashow&category_id=20&page=1&site_domain=default&sort=sort_access&sort_order=desc,,,,
344,オリックスの給油カードが使用できるガソリンスタンドが近くありません。現金立て替えは可能ですか？,ｄカーシェア,https://faq.carshare.dmkt-sp.jp/faq/show/223?back=front%2Fcategory%3Ashow&category_id=20&page=1&site_domain=default&sort=sort_access&sort_order=desc,,,,
345,オリックスの借りたステーション以外にクルマを返却することはできますか？,ｄカーシェア,https://faq.carshare.dmkt-sp.jp/faq/show/232?back=front%2Fcategory%3Ashow&category_id=20&page=1&site_domain=default&sort=sort_access&sort_order=desc,,,,
346,オリックスのクルマはいつから利用できますか？,ｄカーシェア,https://faq.carshare.dmkt-sp.jp/faq/show/190?back=front%2Fcategory%3Ashow&category_id=20&page=1&site_domain=default&sort=sort_access&sort_order=desc,,,,
347,「MIRAI」はガソリン・軽油でも走行できますか？ ,ｄカーシェア,https://faq.carshare.dmkt-sp.jp/faq/show/932?back=front%2Fcategory%3Ashow&category_id=20&page=2&site_domain=default&sort=sort_access&sort_order=desc,,,,
348,「MIRAI」の利用料金を教えてください。,ｄカーシェア,https://faq.carshare.dmkt-sp.jp/faq/show/926?back=front%2Fcategory%3Ashow&category_id=20&page=2&site_domain=default&sort=sort_access&sort_order=desc,,,,
349,「MIRAI」に自分で水素を充填しました。どうしたらよいですか？,ｄカーシェア,https://faq.carshare.dmkt-sp.jp/faq/show/931?back=front%2Fcategory%3Ashow&category_id=20&page=2&site_domain=default&sort=sort_access&sort_order=desc,,,,
350,「MIRAI」は水素燃料を満充填した状態でどのくらい走行できますか？,ｄカーシェア,https://faq.carshare.dmkt-sp.jp/faq/show/928?back=front%2Fcategory%3Ashow&category_id=20&page=2&site_domain=default&sort=sort_access&sort_order=desc,,,,
351,「MIRAI」の水素はどこで充填できますか？,ｄカーシェア,https://faq.carshare.dmkt-sp.jp/faq/show/927?back=front%2Fcategory%3Ashow&category_id=20&page=2&site_domain=default&sort=sort_access&sort_order=desc,,,,
352,「MIRAI」とはどんな車ですか？,ｄカーシェア,https://faq.carshare.dmkt-sp.jp/faq/show/924?back=front%2Fcategory%3Ashow&category_id=20&page=2&site_domain=default&sort=sort_access&sort_order=desc,,,,
353,オリックスのクルマの入出庫はどのようにすればいいですか？,ｄカーシェア,https://faq.carshare.dmkt-sp.jp/faq/show/208?back=front%2Fcategory%3Ashow&category_id=20&page=2&site_domain=default&sort=sort_access&sort_order=desc,,,,
354,オリックスのクルマの電子鍵の登録方法を教えてください。,ｄカーシェア,https://faq.carshare.dmkt-sp.jp/faq/show/238?back=front%2Fcategory%3Ashow&category_id=21&page=1&site_domain=default&sort=sort_access&sort_order=desc,,,,
355,オリックス初回利用の際、電子鍵登録に適さないステーションはありますか？,ｄカーシェア,https://faq.carshare.dmkt-sp.jp/faq/show/241?back=front%2Fcategory%3Ashow&category_id=21&page=1&site_domain=default&sort=sort_access&sort_order=desc,,,,
356,オリックスの初めて利用する際のクルマの解錠方法を教えてください。,ｄカーシェア,https://faq.carshare.dmkt-sp.jp/faq/show/242?back=front%2Fcategory%3Ashow&category_id=21&page=1&site_domain=default&sort=sort_access&sort_order=desc,,,,
357,オリックスのクルマの鍵として何が利用できますか？,ｄカーシェア,https://faq.carshare.dmkt-sp.jp/faq/show/235?back=front%2Fcategory%3Ashow&category_id=21&page=1&site_domain=default&sort=sort_access&sort_order=desc,,,,
358,オリックスの登録している電子鍵(ICカードやスマートフォン等)を変更したい場合はどうすればいいですか？,ｄカーシェア,https://faq.carshare.dmkt-sp.jp/faq/show/251?back=front%2Fcategory%3Ashow&category_id=21&page=1&site_domain=default&sort=sort_access&sort_order=desc,,,,
359,オリックスのクルマの電子鍵として登録したスマートフォンや交通系ICカードを、紛失または損傷した場合は、どうすればいいですか？,ｄカーシェア,https://faq.carshare.dmkt-sp.jp/faq/show/245?back=front%2Fcategory%3Ashow&category_id=21&page=1&site_domain=default&sort=sort_access&sort_order=desc,,,,
360,オリックスで登録した自分の電子鍵(ICカードやスマートフォン等)を家族や友人に貸してもいいですか？,ｄカーシェア,https://faq.carshare.dmkt-sp.jp/faq/show/254?back=front%2Fcategory%3Ashow&category_id=21&page=1&site_domain=default&sort=sort_access&sort_order=desc,,,,
361,オリックス利用中に交通事故を起こしたり、クルマにキズをつけた場合はどうすればいいですか？,ｄカーシェア,https://faq.carshare.dmkt-sp.jp/faq/show/284?back=front%2Fcategory%3Ashow&category_id=22&page=1&site_domain=default&sort=sort_access&sort_order=desc,,,,
362,オリックスの車両返却後、忘れ物やライトの消し忘れに気づきました。どうすればいいですか？,ｄカーシェア,https://faq.carshare.dmkt-sp.jp/faq/show/266?back=front%2Fcategory%3Ashow&category_id=22&page=1&site_domain=default&sort=sort_access&sort_order=desc,,,,
363,オリックスの出発前の点検でクルマにキズ・凹みを発見した。どうすればいいですか？,ｄカーシェア,https://faq.carshare.dmkt-sp.jp/faq/show/272?back=front%2Fcategory%3Ashow&category_id=22&page=1&site_domain=default&sort=sort_access&sort_order=desc,,,,
364,オリックスの前の利用者の忘れ物を見つけた。どうすればよいですか？,ｄカーシェア,https://faq.carshare.dmkt-sp.jp/faq/show/269?back=front%2Fcategory%3Ashow&category_id=22&page=1&site_domain=default&sort=sort_access&sort_order=desc,,,,
365,オリックスの給油したレシートを持ち帰ってしまいました。どうすればいいですか？,ｄカーシェア,https://faq.carshare.dmkt-sp.jp/faq/show/260?back=front%2Fcategory%3Ashow&category_id=22&page=1&site_domain=default&sort=sort_access&sort_order=desc,,,,
366,オリックスの定期駐車券、給油カードを紛失 または 損傷してしまった。どうすればいいですか？,ｄカーシェア,https://faq.carshare.dmkt-sp.jp/faq/show/290?back=front%2Fcategory%3Ashow&category_id=22&page=1&site_domain=default&sort=sort_access&sort_order=desc,,,,
367,オリックスで返却する際に、ステーションに他のクルマが停まっていた。どうすればいいですか？,ｄカーシェア,https://faq.carshare.dmkt-sp.jp/faq/show/281?back=front%2Fcategory%3Ashow&category_id=22&page=1&site_domain=default&sort=sort_access&sort_order=desc,,,,
368,オリックスの定期駐車券（パスカード）で入出庫する駐車場で、誤って一般の駐車券をとってしまった。どうすればいいですか？,ｄカーシェア,https://faq.carshare.dmkt-sp.jp/faq/show/257?back=front%2Fcategory%3Ashow&category_id=22&page=1&site_domain=default&sort=sort_access&sort_order=desc,,,,
369,オリックスの予約したステーションにクルマがない。どうすればいいですか？,ｄカーシェア,https://faq.carshare.dmkt-sp.jp/faq/show/263?back=front%2Fcategory%3Ashow&category_id=22&page=1&site_domain=default&sort=sort_access&sort_order=desc,,,,
370,オリックス利用中に飲み物等で車内を汚してしまった場合は、どうすればいいですか？,ｄカーシェア,https://faq.carshare.dmkt-sp.jp/faq/show/278?back=front%2Fcategory%3Ashow&category_id=22&page=1&site_domain=default&sort=sort_access&sort_order=desc,,,,
371,オリックス利用中に駐車違反をしてしまった。どうすればいいですか？,ｄカーシェア,https://faq.carshare.dmkt-sp.jp/faq/show/287?back=front%2Fcategory%3Ashow&category_id=22&page=2&site_domain=default&sort=sort_access&sort_order=desc,,,,
372,オリックス利用中にタイヤのパンク、バッテリー上がりなどで使用できなくなった。どうすればいいですか？,ｄカーシェア,https://faq.carshare.dmkt-sp.jp/faq/show/275?back=front%2Fcategory%3Ashow&category_id=22&page=2&site_domain=default&sort=sort_access&sort_order=desc,,,,
373,オリックスのクルマに駐車券が搭載されていない。どのように出庫すればいいですか？,ｄカーシェア,https://faq.carshare.dmkt-sp.jp/faq/show/293?back=front%2Fcategory%3Ashow&category_id=22&page=2&site_domain=default&sort=sort_access&sort_order=desc,,,,
374,オリックス利用中にステーションに自転車・バイクを停めてもいいですか？,ｄカーシェア,https://faq.carshare.dmkt-sp.jp/faq/show/309?back=front%2Fcategory%3Ashow&category_id=23&page=1&site_domain=default&sort=sort_access&sort_order=desc,,,,
375,オリックスの貸渡証はdカーシェアから発行されますか？,ｄカーシェア,https://faq.carshare.dmkt-sp.jp/faq/show/297?back=front%2Fcategory%3Ashow&category_id=23&page=1&site_domain=default&sort=sort_access&sort_order=desc,,,,
376,カレコでの利用終了予定日時より早く利用終了した場合の利用料金はどうなりますか？,ｄカーシェア,https://faq.carshare.dmkt-sp.jp/faq/show/92?back=front%2Fcategory%3Ashow&category_id=24&page=1&site_domain=default&sort=sort_access&sort_order=desc,,,,
377,カレコの利用料金の考え方について教えてください。,ｄカーシェア,https://faq.carshare.dmkt-sp.jp/faq/show/71?back=front%2Fcategory%3Ashow&category_id=24&page=1&site_domain=default&sort=sort_access&sort_order=desc,,,,
378,カレコの予約キャンセル料金について教えてください。,ｄカーシェア,https://faq.carshare.dmkt-sp.jp/faq/show/83?back=front%2Fcategory%3Ashow&category_id=24&page=1&site_domain=default&sort=sort_access&sort_order=desc,,,,
379,カレコの給油割引・クーポン等はありますか？,ｄカーシェア,https://faq.carshare.dmkt-sp.jp/faq/show/101?back=front%2Fcategory%3Ashow&category_id=24&page=1&site_domain=default&sort=sort_access&sort_order=desc,,,,
380,カレコの利用終了時の距離料金表示が実際の利用と異なる事はありますか？,ｄカーシェア,https://faq.carshare.dmkt-sp.jp/faq/show/95?back=front%2Fcategory%3Ashow&category_id=24&page=1&site_domain=default&sort=sort_access&sort_order=desc,,,,
381,カレコの超過料金について教えてください。,ｄカーシェア,https://faq.carshare.dmkt-sp.jp/faq/show/89?back=front%2Fcategory%3Ashow&category_id=24&page=1&site_domain=default&sort=sort_access&sort_order=desc,,,,
382,カレコの予約変更料金について教えてください。,ｄカーシェア,https://faq.carshare.dmkt-sp.jp/faq/show/86?back=front%2Fcategory%3Ashow&category_id=24&page=1&site_domain=default&sort=sort_access&sort_order=desc,,,,
383,カレコで休日割引や深夜割引などのETC割引は受けられますか？,ｄカーシェア,https://faq.carshare.dmkt-sp.jp/faq/show/110?back=front%2Fcategory%3Ashow&category_id=24&page=1&site_domain=default&sort=sort_access&sort_order=desc,,,,
384,カレコの提携している無料駐車場はありますか？,ｄカーシェア,https://faq.carshare.dmkt-sp.jp/faq/show/113?back=front%2Fcategory%3Ashow&category_id=24&page=1&site_domain=default&sort=sort_access&sort_order=desc,,,,
385,カレコは子ども用シート（ジュニアシートやチャイルドシード）は搭載されていますか？ ,ｄカーシェア,https://faq.carshare.dmkt-sp.jp/faq/show/125?back=front%2Fcategory%3Ashow&category_id=25&page=1&site_domain=default&sort=sort_access&sort_order=desc,,,,
386,カレコの保険・追加補償の内容を教えてください。,ｄカーシェア,https://faq.carshare.dmkt-sp.jp/faq/show/134?back=front%2Fcategory%3Ashow&category_id=25&page=1&site_domain=default&sort=sort_access&sort_order=desc,,,,
387,カレコの利用した車両のETC車載器管理番号の確認方法を教えてください。,ｄカーシェア,https://faq.carshare.dmkt-sp.jp/faq/show/122?back=front%2Fcategory%3Ashow&category_id=25&page=1&site_domain=default&sort=sort_access&sort_order=desc,,,,
388,カレコはカーナビやETC車載器は搭載されていますか？,ｄカーシェア,https://faq.carshare.dmkt-sp.jp/faq/show/119?back=front%2Fcategory%3Ashow&category_id=25&page=1&site_domain=default&sort=sort_access&sort_order=desc,,,,
389,カレコは初心ドライバー標識（初心者マーク）や高齢ドライバー標識（高齢ドライバーマーク）は装備されていますか?,ｄカーシェア,https://faq.carshare.dmkt-sp.jp/faq/show/131?back=front%2Fcategory%3Ashow&category_id=25&page=1&site_domain=default&sort=sort_access&sort_order=desc,,,,
390,カレコはCDプレイヤーなど、音楽視聴機器は搭載されていますか?,ｄカーシェア,https://faq.carshare.dmkt-sp.jp/faq/show/128?back=front%2Fcategory%3Ashow&category_id=25&page=1&site_domain=default&sort=sort_access&sort_order=desc,,,,
391,カレコはスタッドレスタイヤは装着していますか？,ｄカーシェア,https://faq.carshare.dmkt-sp.jp/faq/show/116?back=front%2Fcategory%3Ashow&category_id=25&page=1&site_domain=default&sort=sort_access&sort_order=desc,,,,
392,カレコですでに他の利用者による予約が入っている場合、前後の予約できない時間を教えてください。,ｄカーシェア,https://faq.carshare.dmkt-sp.jp/faq/show/149?back=front%2Fcategory%3Ashow&category_id=26&page=1&site_domain=default&sort=sort_access&sort_order=desc,,,,
393,カレコの予約は何日前からできますか？,ｄカーシェア,https://faq.carshare.dmkt-sp.jp/faq/show/137?back=front%2Fcategory%3Ashow&category_id=26&page=1&site_domain=default&sort=sort_access&sort_order=desc,,,,
394,カレコで予約時にエラーが出てしまいます。どのようにすればいいでしょうか？,ｄカーシェア,https://faq.carshare.dmkt-sp.jp/faq/show/164?back=front%2Fcategory%3Ashow&category_id=26&page=1&site_domain=default&sort=sort_access&sort_order=desc,,,,
395,カレコは何分単位で利用予約可能か教えてください。,ｄカーシェア,https://faq.carshare.dmkt-sp.jp/faq/show/146?back=front%2Fcategory%3Ashow&category_id=26&page=1&site_domain=default&sort=sort_access&sort_order=desc,,,,
396,カレコの最長の利用予約可能時間を教えてください。,ｄカーシェア,https://faq.carshare.dmkt-sp.jp/faq/show/140?back=front%2Fcategory%3Ashow&category_id=26&page=1&site_domain=default&sort=sort_access&sort_order=desc,,,,
397,カレコでアプリ・サイト内上で表示されないステーションはありますか？,ｄカーシェア,https://faq.carshare.dmkt-sp.jp/faq/show/161?back=front%2Fcategory%3Ashow&category_id=26&page=1&site_domain=default&sort=sort_access&sort_order=desc,,,,
398,カレコの返却時間の延長方法を教えてください。,ｄカーシェア,https://faq.carshare.dmkt-sp.jp/faq/show/179?back=front%2Fcategory%3Ashow&category_id=27&page=1&site_domain=default&sort=sort_access&sort_order=desc,,,,
399,カレコの予約のキャンセル方法を教えてください。,ｄカーシェア,https://faq.carshare.dmkt-sp.jp/faq/show/173?back=front%2Fcategory%3Ashow&category_id=27&page=1&site_domain=default&sort=sort_access&sort_order=desc,,,,
400,カレコで利用開始予定時間に遅れそうな場合はどうすればよいですか？,ｄカーシェア,https://faq.carshare.dmkt-sp.jp/faq/show/176?back=front%2Fcategory%3Ashow&category_id=27&page=1&site_domain=default&sort=sort_access&sort_order=desc,,,,
401,カレコの予約した利用予定期間の変更方法を教えてください。,ｄカーシェア,https://faq.carshare.dmkt-sp.jp/faq/show/167?back=front%2Fcategory%3Ashow&category_id=27&page=1&site_domain=default&sort=sort_access&sort_order=desc,,,,
402,カレコの予約変更では、ステーションやクルマの変更はできますか？,ｄカーシェア,https://faq.carshare.dmkt-sp.jp/faq/show/170?back=front%2Fcategory%3Ashow&category_id=27&page=1&site_domain=default&sort=sort_access&sort_order=desc,,,,
403,カレコ利用中にドライバーを交代してもよいですか？,ｄカーシェア,https://faq.carshare.dmkt-sp.jp/faq/show/194?back=front%2Fcategory%3Ashow&category_id=28&page=1&site_domain=default&sort=sort_access&sort_order=desc,,,,
404,カレコ利用時の給油はどうすればよいですか？,ｄカーシェア,https://faq.carshare.dmkt-sp.jp/faq/show/215?back=front%2Fcategory%3Ashow&category_id=28&page=1&site_domain=default&sort=sort_access&sort_order=desc,,,,
405,カレコのカーシェアの利用開始と返却はどうすればいいですか？,ｄカーシェア,https://faq.carshare.dmkt-sp.jp/faq/show/185?back=front%2Fcategory%3Ashow&category_id=28&page=1&site_domain=default&sort=sort_access&sort_order=desc,,,,
406,カレコの給油カードはどのガソリンスタンドで使用できますか？,ｄカーシェア,https://faq.carshare.dmkt-sp.jp/faq/show/221?back=front%2Fcategory%3Ashow&category_id=28&page=1&site_domain=default&sort=sort_access&sort_order=desc,,,,
407,カレコでクルマの汚れが気になる場合、洗車してもよいですか？,ｄカーシェア,https://faq.carshare.dmkt-sp.jp/faq/show/227?back=front%2Fcategory%3Ashow&category_id=28&page=1&site_domain=default&sort=sort_access&sort_order=desc,,,,
408,カレコの給油カードが使用できるガソリンスタンドが近くありません。現金立て替えは可能ですか？,ｄカーシェア,https://faq.carshare.dmkt-sp.jp/faq/show/224?back=front%2Fcategory%3Ashow&category_id=28&page=1&site_domain=default&sort=sort_access&sort_order=desc,,,,
409,カレコの借りたステーション以外にクルマを返却することはできますか？,ｄカーシェア,https://faq.carshare.dmkt-sp.jp/faq/show/233?back=front%2Fcategory%3Ashow&category_id=28&page=1&site_domain=default&sort=sort_access&sort_order=desc,,,,
410,カレコのクルマはいつから利用できますか？,ｄカーシェア,https://faq.carshare.dmkt-sp.jp/faq/show/191?back=front%2Fcategory%3Ashow&category_id=28&page=1&site_domain=default&sort=sort_access&sort_order=desc,,,,
411,カレコで給油するガソリンに指定はありますか？また違う油種の燃料を給油してしまった場合はどうすればいいですか？,ｄカーシェア,https://faq.carshare.dmkt-sp.jp/faq/show/218?back=front%2Fcategory%3Ashow&category_id=28&page=1&site_domain=default&sort=sort_access&sort_order=desc,,,,
412,カレコのクルマの入出庫はどのようにすればいいですか？,ｄカーシェア,https://faq.carshare.dmkt-sp.jp/faq/show/209?back=front%2Fcategory%3Ashow&category_id=28&page=1&site_domain=default&sort=sort_access&sort_order=desc,,,,
413,カレコの車内の清掃は必要ですか？,ｄカーシェア,https://faq.carshare.dmkt-sp.jp/faq/show/230?back=front%2Fcategory%3Ashow&category_id=28&page=2&site_domain=default&sort=sort_access&sort_order=desc,,,,
414,カレコのクルマの電子鍵の登録方法を教えてください。,ｄカーシェア,https://faq.carshare.dmkt-sp.jp/faq/show/239?back=front%2Fcategory%3Ashow&category_id=29&page=1&site_domain=default&sort=sort_access&sort_order=desc,,,,
415,カレコの初めて利用する際のクルマの解錠方法を教えてください。,ｄカーシェア,https://faq.carshare.dmkt-sp.jp/faq/show/243?back=front%2Fcategory%3Ashow&category_id=29&page=1&site_domain=default&sort=sort_access&sort_order=desc,,,,
416,カレコのクルマの鍵として何が利用できますか？,ｄカーシェア,https://faq.carshare.dmkt-sp.jp/faq/show/236?back=front%2Fcategory%3Ashow&category_id=29&page=1&site_domain=default&sort=sort_access&sort_order=desc,,,,
417,カレコで登録した自分の電子鍵(ICカードやスマートフォン等)を家族や友人に貸してもいいですか？,ｄカーシェア,https://faq.carshare.dmkt-sp.jp/faq/show/255?back=front%2Fcategory%3Ashow&category_id=29&page=1&site_domain=default&sort=sort_access&sort_order=desc,,,,
418,カレコ利用中に交通事故を起こしたり、クルマにキズをつけた場合はどうすればいいですか？,ｄカーシェア,https://faq.carshare.dmkt-sp.jp/faq/show/285?back=front%2Fcategory%3Ashow&category_id=30&page=1&site_domain=default&sort=sort_access&sort_order=desc,,,,
419,カレコの車両返却後、忘れ物やライトの消し忘れに気づきました。どうすればいいですか？,ｄカーシェア,https://faq.carshare.dmkt-sp.jp/faq/show/267?back=front%2Fcategory%3Ashow&category_id=30&page=1&site_domain=default&sort=sort_access&sort_order=desc,,,,
420,カレコの給油したレシートを持ち帰ってしまいました。どうすればいいですか？,ｄカーシェア,https://faq.carshare.dmkt-sp.jp/faq/show/261?back=front%2Fcategory%3Ashow&category_id=30&page=1&site_domain=default&sort=sort_access&sort_order=desc,,,,
421,カレコの出発前の点検でクルマにキズ・凹みを発見した。どうすればいいですか？,ｄカーシェア,https://faq.carshare.dmkt-sp.jp/faq/show/273?back=front%2Fcategory%3Ashow&category_id=30&page=1&site_domain=default&sort=sort_access&sort_order=desc,,,,
422,カレコの前の利用者の忘れ物を見つけた。どうすればよいですか？,ｄカーシェア,https://faq.carshare.dmkt-sp.jp/faq/show/270?back=front%2Fcategory%3Ashow&category_id=30&page=1&site_domain=default&sort=sort_access&sort_order=desc,,,,
423,カレコの定期駐車券、給油カードを紛失 または 損傷してしまった。どうすればいいですか？,ｄカーシェア,https://faq.carshare.dmkt-sp.jp/faq/show/291?back=front%2Fcategory%3Ashow&category_id=30&page=1&site_domain=default&sort=sort_access&sort_order=desc,,,,
424,カレコで返却する際に、ステーションに他のクルマが停まっていた。どうすればいいですか？,ｄカーシェア,https://faq.carshare.dmkt-sp.jp/faq/show/282?back=front%2Fcategory%3Ashow&category_id=30&page=1&site_domain=default&sort=sort_access&sort_order=desc,,,,
425,カレコ利用中に駐車違反をしてしまった。どうすればいいですか？,ｄカーシェア,https://faq.carshare.dmkt-sp.jp/faq/show/288?back=front%2Fcategory%3Ashow&category_id=30&page=1&site_domain=default&sort=sort_access&sort_order=desc,,,,
426,カレコ利用中に飲み物等で車内を汚してしまった場合は、どうすればいいですか？,ｄカーシェア,https://faq.carshare.dmkt-sp.jp/faq/show/279?back=front%2Fcategory%3Ashow&category_id=30&page=1&site_domain=default&sort=sort_access&sort_order=desc,,,,
427,カレコの予約したステーションにクルマがない。どうすればいいですか？,ｄカーシェア,https://faq.carshare.dmkt-sp.jp/faq/show/264?back=front%2Fcategory%3Ashow&category_id=30&page=1&site_domain=default&sort=sort_access&sort_order=desc,,,,
428,カレコ利用中にタイヤのパンク、バッテリー上がりなどで使用できなくなった場合は、どうすればいいですか？,ｄカーシェア,https://faq.carshare.dmkt-sp.jp/faq/show/276?back=front%2Fcategory%3Ashow&category_id=30&page=2&site_domain=default&sort=sort_access&sort_order=desc,,,,
429,カレコで利用するクルマが汚れていたり、異臭がしていたりした場合にはどうすればいいですか？,ｄカーシェア,https://faq.carshare.dmkt-sp.jp/faq/show/296?back=front%2Fcategory%3Ashow&category_id=30&page=2&site_domain=default&sort=sort_access&sort_order=desc,,,,
430,カレコの定期駐車券（パスカード）で入出庫する駐車場で、誤って一般の駐車券をとってしまった。どうすればいいですか？,ｄカーシェア,https://faq.carshare.dmkt-sp.jp/faq/show/258?back=front%2Fcategory%3Ashow&category_id=30&page=2&site_domain=default&sort=sort_access&sort_order=desc,,,,
431,カレコのクルマに駐車券が搭載されていない。どのように出庫すればいいですか？,ｄカーシェア,https://faq.carshare.dmkt-sp.jp/faq/show/294?back=front%2Fcategory%3Ashow&category_id=30&page=2&site_domain=default&sort=sort_access&sort_order=desc,,,,
432,カレコ利用中にステーションに自転車・バイクを停めてもいいですか？,ｄカーシェア,https://faq.carshare.dmkt-sp.jp/faq/show/310?back=front%2Fcategory%3Ashow&category_id=31&page=1&site_domain=default&sort=sort_access&sort_order=desc,,,,
433,カレコの貸渡証はdカーシェアから発行されますか？,ｄカーシェア,https://faq.carshare.dmkt-sp.jp/faq/show/298?back=front%2Fcategory%3Ashow&category_id=31&page=1&site_domain=default&sort=sort_access&sort_order=desc,,,,
434,カリテコの予約キャンセル料金について教えてください。,ｄカーシェア,https://faq.carshare.dmkt-sp.jp/faq/show/84?back=front%2Fcategory%3Ashow&category_id=32&page=1&site_domain=default&sort=sort_access&sort_order=desc,,,,
435,カリテコの利用料金の考え方について教えてください。,ｄカーシェア,https://faq.carshare.dmkt-sp.jp/faq/show/72?back=front%2Fcategory%3Ashow&category_id=32&page=1&site_domain=default&sort=sort_access&sort_order=desc,,,,
436,カリテコでの利用終了予定日時より早く利用終了した場合の利用料金はどうなりますか？,ｄカーシェア,https://faq.carshare.dmkt-sp.jp/faq/show/93?back=front%2Fcategory%3Ashow&category_id=32&page=1&site_domain=default&sort=sort_access&sort_order=desc,,,,
437,カリテコの給油割引・クーポン等はありますか？,ｄカーシェア,https://faq.carshare.dmkt-sp.jp/faq/show/102?back=front%2Fcategory%3Ashow&category_id=32&page=1&site_domain=default&sort=sort_access&sort_order=desc,,,,
438,カリテコの給油割引・クーポンの申請方法を教えてください。,ｄカーシェア,https://faq.carshare.dmkt-sp.jp/faq/show/105?back=front%2Fcategory%3Ashow&category_id=32&page=1&site_domain=default&sort=sort_access&sort_order=desc,,,,
439,カリテコの予約変更料金について教えてください。,ｄカーシェア,https://faq.carshare.dmkt-sp.jp/faq/show/87?back=front%2Fcategory%3Ashow&category_id=32&page=1&site_domain=default&sort=sort_access&sort_order=desc,,,,
440,カリテコの超過料金について教えてください。,ｄカーシェア,https://faq.carshare.dmkt-sp.jp/faq/show/90?back=front%2Fcategory%3Ashow&category_id=32&page=1&site_domain=default&sort=sort_access&sort_order=desc,,,,
441,カリテコの提携している無料駐車場はありますか？,ｄカーシェア,https://faq.carshare.dmkt-sp.jp/faq/show/114?back=front%2Fcategory%3Ashow&category_id=32&page=1&site_domain=default&sort=sort_access&sort_order=desc,,,,
442,カリテコの利用終了時の距離料金表示が実際の利用と異なる事はありますか？,ｄカーシェア,https://faq.carshare.dmkt-sp.jp/faq/show/96?back=front%2Fcategory%3Ashow&category_id=32&page=1&site_domain=default&sort=sort_access&sort_order=desc,,,,
443,カリテコで休日割引や深夜割引などのETC割引は受けられますか？,ｄカーシェア,https://faq.carshare.dmkt-sp.jp/faq/show/111?back=front%2Fcategory%3Ashow&category_id=32&page=1&site_domain=default&sort=sort_access&sort_order=desc,,,,
444,カリテコは初心ドライバー標識（初心者マーク）や高齢ドライバー標識（高齢ドライバーマーク）は装備されていますか?,ｄカーシェア,https://faq.carshare.dmkt-sp.jp/faq/show/132?back=front%2Fcategory%3Ashow&category_id=33&page=1&site_domain=default&sort=sort_access&sort_order=desc,,,,
445,カリテコは子ども用シート（ジュニアシートやチャイルドシード）は搭載されていますか？,ｄカーシェア,https://faq.carshare.dmkt-sp.jp/faq/show/126?back=front%2Fcategory%3Ashow&category_id=33&page=1&site_domain=default&sort=sort_access&sort_order=desc,,,,
446,カリテコはカーナビやETC車載器は搭載されていますか？,ｄカーシェア,https://faq.carshare.dmkt-sp.jp/faq/show/120?back=front%2Fcategory%3Ashow&category_id=33&page=1&site_domain=default&sort=sort_access&sort_order=desc,,,,
447,カリテコはスタッドレスタイヤは装着していますか？,ｄカーシェア,https://faq.carshare.dmkt-sp.jp/faq/show/117?back=front%2Fcategory%3Ashow&category_id=33&page=1&site_domain=default&sort=sort_access&sort_order=desc,,,,
448,カリテコの保険・追加補償の内容を教えてください。,ｄカーシェア,https://faq.carshare.dmkt-sp.jp/faq/show/135?back=front%2Fcategory%3Ashow&category_id=33&page=1&site_domain=default&sort=sort_access&sort_order=desc,,,,
449,カリテコの利用した車両のETC車載器管理番号の確認方法を教えてください。,ｄカーシェア,https://faq.carshare.dmkt-sp.jp/faq/show/123?back=front%2Fcategory%3Ashow&category_id=33&page=1&site_domain=default&sort=sort_access&sort_order=desc,,,,
450,カリテコはCDプレイヤーなど、音楽視聴機器は搭載されていますか?,ｄカーシェア,https://faq.carshare.dmkt-sp.jp/faq/show/129?back=front%2Fcategory%3Ashow&category_id=33&page=1&site_domain=default&sort=sort_access&sort_order=desc,,,,
451,カリテコですでに他の利用者による予約が入っている場合、前後の予約できない時間を教えてください。,ｄカーシェア,https://faq.carshare.dmkt-sp.jp/faq/show/150?back=front%2Fcategory%3Ashow&category_id=34&page=1&site_domain=default&sort=sort_access&sort_order=desc,,,,
452,カリテコの予約は何日前からできますか？,ｄカーシェア,https://faq.carshare.dmkt-sp.jp/faq/show/138?back=front%2Fcategory%3Ashow&category_id=34&page=1&site_domain=default&sort=sort_access&sort_order=desc,,,,
453,カリテコで予約時にエラーが出てしまいます。どのようにすればいいでしょうか？,ｄカーシェア,https://faq.carshare.dmkt-sp.jp/faq/show/165?back=front%2Fcategory%3Ashow&category_id=34&page=1&site_domain=default&sort=sort_access&sort_order=desc,,,,
454,カリテコの最長の利用予約可能時間を教えてください。,ｄカーシェア,https://faq.carshare.dmkt-sp.jp/faq/show/141?back=front%2Fcategory%3Ashow&category_id=34&page=1&site_domain=default&sort=sort_access&sort_order=desc,,,,
455,カリテコは何分単位で利用予約可能か教えてください。,ｄカーシェア,https://faq.carshare.dmkt-sp.jp/faq/show/147?back=front%2Fcategory%3Ashow&category_id=34&page=1&site_domain=default&sort=sort_access&sort_order=desc,,,,
456,カリテコでアプリ・サイト内上で表示されないステーションはありますか？,ｄカーシェア,https://faq.carshare.dmkt-sp.jp/faq/show/162?back=front%2Fcategory%3Ashow&category_id=34&page=1&site_domain=default&sort=sort_access&sort_order=desc,,,,
457,カリテコの返却時間の延長方法を教えてください。,ｄカーシェア,https://faq.carshare.dmkt-sp.jp/faq/show/180?back=front%2Fcategory%3Ashow&category_id=35&page=1&site_domain=default&sort=sort_access&sort_order=desc,,,,
458,カリテコの予約した利用予定期間の変更方法を教えてください。,ｄカーシェア,https://faq.carshare.dmkt-sp.jp/faq/show/168?back=front%2Fcategory%3Ashow&category_id=35&page=1&site_domain=default&sort=sort_access&sort_order=desc,,,,
459,カリテコの予約のキャンセル方法を教えてください。,ｄカーシェア,https://faq.carshare.dmkt-sp.jp/faq/show/174?back=front%2Fcategory%3Ashow&category_id=35&page=1&site_domain=default&sort=sort_access&sort_order=desc,,,,
460,カリテコで利用開始予定時間に遅れそうな場合はどうすればよいですか？,ｄカーシェア,https://faq.carshare.dmkt-sp.jp/faq/show/177?back=front%2Fcategory%3Ashow&category_id=35&page=1&site_domain=default&sort=sort_access&sort_order=desc,,,,
461,カリテコの予約変更では、ステーションやクルマの変更はできますか？,ｄカーシェア,https://faq.carshare.dmkt-sp.jp/faq/show/171?back=front%2Fcategory%3Ashow&category_id=35&page=1&site_domain=default&sort=sort_access&sort_order=desc,,,,
462,カリテコの給油カードはどのガソリンスタンドで使用できますか？,ｄカーシェア,https://faq.carshare.dmkt-sp.jp/faq/show/222?back=front%2Fcategory%3Ashow&category_id=36&page=1&site_domain=default&sort=sort_access&sort_order=desc,,,,
463,カリテコ利用時の給油はどうすればよいですか？,ｄカーシェア,https://faq.carshare.dmkt-sp.jp/faq/show/216?back=front%2Fcategory%3Ashow&category_id=36&page=1&site_domain=default&sort=sort_access&sort_order=desc,,,,
464,カリテコの給油カードが使用できるガソリンスタンドが近くありません。現金立て替えは可能ですか？,ｄカーシェア,https://faq.carshare.dmkt-sp.jp/faq/show/225?back=front%2Fcategory%3Ashow&category_id=36&page=1&site_domain=default&sort=sort_access&sort_order=desc,,,,
465,カリテコ利用中にドライバーを交代してもよいですか？,ｄカーシェア,https://faq.carshare.dmkt-sp.jp/faq/show/195?back=front%2Fcategory%3Ashow&category_id=36&page=1&site_domain=default&sort=sort_access&sort_order=desc,,,,
466,カリテコのカーシェアの利用開始と返却はどうすればいいですか？,ｄカーシェア,https://faq.carshare.dmkt-sp.jp/faq/show/186?back=front%2Fcategory%3Ashow&category_id=36&page=1&site_domain=default&sort=sort_access&sort_order=desc,,,,
467,カリテコで給油するガソリンに指定はありますか？また違う油種の燃料を給油してしまった場合はどうすればいいですか？,ｄカーシェア,https://faq.carshare.dmkt-sp.jp/faq/show/219?back=front%2Fcategory%3Ashow&category_id=36&page=1&site_domain=default&sort=sort_access&sort_order=desc,,,,
468,カリテコの借りたステーション以外にクルマを返却することはできますか？,ｄカーシェア,https://faq.carshare.dmkt-sp.jp/faq/show/234?back=front%2Fcategory%3Ashow&category_id=36&page=1&site_domain=default&sort=sort_access&sort_order=desc,,,,
469,カリテコのクルマはいつから利用できますか？,ｄカーシェア,https://faq.carshare.dmkt-sp.jp/faq/show/192?back=front%2Fcategory%3Ashow&category_id=36&page=1&site_domain=default&sort=sort_access&sort_order=desc,,,,
470,カリテコでクルマの汚れが気になる場合、洗車してもよいですか？,ｄカーシェア,https://faq.carshare.dmkt-sp.jp/faq/show/228?back=front%2Fcategory%3Ashow&category_id=36&page=1&site_domain=default&sort=sort_access&sort_order=desc,,,,
471,カリテコの車内の清掃は必要ですか？,ｄカーシェア,https://faq.carshare.dmkt-sp.jp/faq/show/231?back=front%2Fcategory%3Ashow&category_id=36&page=1&site_domain=default&sort=sort_access&sort_order=desc,,,,
472,カリテコのクルマの入出庫はどのようにすればいいですか？,ｄカーシェア,https://faq.carshare.dmkt-sp.jp/faq/show/210?back=front%2Fcategory%3Ashow&category_id=36&page=2&site_domain=default&sort=sort_access&sort_order=desc,,,,
473,カリテコのクルマの電子鍵の登録方法を教えてください。,ｄカーシェア,https://faq.carshare.dmkt-sp.jp/faq/show/240?back=front%2Fcategory%3Ashow&category_id=37&page=1&site_domain=default&sort=sort_access&sort_order=desc,,,,
474,カリテコの登録している電子鍵(ICカードやスマートフォン等)を変更したい場合はどうすればいいですか？,ｄカーシェア,https://faq.carshare.dmkt-sp.jp/faq/show/253?back=front%2Fcategory%3Ashow&category_id=37&page=1&site_domain=default&sort=sort_access&sort_order=desc,,,,
475,カリテコの初めて利用する際のクルマの解錠方法を教えてください。,ｄカーシェア,https://faq.carshare.dmkt-sp.jp/faq/show/244?back=front%2Fcategory%3Ashow&category_id=37&page=1&site_domain=default&sort=sort_access&sort_order=desc,,,,
476,カリテコで登録した自分の電子鍵(ICカードやスマートフォン等)を家族や友人に貸してもいいですか？,ｄカーシェア,https://faq.carshare.dmkt-sp.jp/faq/show/256?back=front%2Fcategory%3Ashow&category_id=37&page=1&site_domain=default&sort=sort_access&sort_order=desc,,,,
477,カリテコのクルマの電子鍵として登録したスマートフォンや交通系ICカードを、紛失または損傷した場合は、どうすればいいですか？,ｄカーシェア,https://faq.carshare.dmkt-sp.jp/faq/show/247?back=front%2Fcategory%3Ashow&category_id=37&page=1&site_domain=default&sort=sort_access&sort_order=desc,,,,
478,カリテコのクルマの鍵として何が利用できますか？,ｄカーシェア,https://faq.carshare.dmkt-sp.jp/faq/show/237?back=front%2Fcategory%3Ashow&category_id=37&page=1&site_domain=default&sort=sort_access&sort_order=desc,,,,
479,カリテコの定期駐車券、給油カードを紛失 または 損傷してしまった。どうすればいいですか？,ｄカーシェア,https://faq.carshare.dmkt-sp.jp/faq/show/292?back=front%2Fcategory%3Ashow&category_id=38&page=1&site_domain=default&sort=sort_access&sort_order=desc,,,,
480,カリテコの車両返却後、忘れ物やライトの消し忘れに気づきました。どうすればいいですか？,ｄカーシェア,https://faq.carshare.dmkt-sp.jp/faq/show/268?back=front%2Fcategory%3Ashow&category_id=38&page=1&site_domain=default&sort=sort_access&sort_order=desc,,,,
481,カリテコの給油したレシートを持ち帰ってしまいました。どうすればいいですか？,ｄカーシェア,https://faq.carshare.dmkt-sp.jp/faq/show/262?back=front%2Fcategory%3Ashow&category_id=38&page=1&site_domain=default&sort=sort_access&sort_order=desc,,,,
482,カリテコ利用中に交通事故を起こしたり、クルマにキズをつけた場合はどうすればいいですか？,ｄカーシェア,https://faq.carshare.dmkt-sp.jp/faq/show/286?back=front%2Fcategory%3Ashow&category_id=38&page=1&site_domain=default&sort=sort_access&sort_order=desc,,,,
483,カリテコで返却する際に、ステーションに他のクルマが停まっていた。どうすればいいですか？,ｄカーシェア,https://faq.carshare.dmkt-sp.jp/faq/show/283?back=front%2Fcategory%3Ashow&category_id=38&page=1&site_domain=default&sort=sort_access&sort_order=desc,,,,
484,カリテコの前の利用者の忘れ物を見つけた。どうすればよいですか？,ｄカーシェア,https://faq.carshare.dmkt-sp.jp/faq/show/271?back=front%2Fcategory%3Ashow&category_id=38&page=1&site_domain=default&sort=sort_access&sort_order=desc,,,,
485,カリテコの予約したステーションにクルマがない。どうすればいいですか？,ｄカーシェア,https://faq.carshare.dmkt-sp.jp/faq/show/265?back=front%2Fcategory%3Ashow&category_id=38&page=1&site_domain=default&sort=sort_access&sort_order=desc,,,,
486,カリテコ利用中に飲み物等で車内を汚してしまった場合は、どうすればいいですか？,ｄカーシェア,https://faq.carshare.dmkt-sp.jp/faq/show/280?back=front%2Fcategory%3Ashow&category_id=38&page=1&site_domain=default&sort=sort_access&sort_order=desc,,,,
487,カリテコ利用中にタイヤのパンク、バッテリー上がりなどで使用できなくなった場合は、どうすればいいですか？,ｄカーシェア,https://faq.carshare.dmkt-sp.jp/faq/show/277?back=front%2Fcategory%3Ashow&category_id=38&page=1&site_domain=default&sort=sort_access&sort_order=desc,,,,
488,カリテコの定期駐車券（パスカード）で入出庫する駐車場で、誤って一般の駐車券をとってしまった。どうすればいいですか？,ｄカーシェア,https://faq.carshare.dmkt-sp.jp/faq/show/259?back=front%2Fcategory%3Ashow&category_id=38&page=1&site_domain=default&sort=sort_access&sort_order=desc,,,,
489,カリテコのクルマに駐車券が搭載されていない。どのように出庫すればいいですか？,ｄカーシェア,https://faq.carshare.dmkt-sp.jp/faq/show/295?back=front%2Fcategory%3Ashow&category_id=38&page=2&site_domain=default&sort=sort_access&sort_order=desc,,,,
490,カリテコの出発前の点検でクルマにキズ・凹みを発見した。どうすればいいですか？,ｄカーシェア,https://faq.carshare.dmkt-sp.jp/faq/show/274?back=front%2Fcategory%3Ashow&category_id=38&page=2&site_domain=default&sort=sort_access&sort_order=desc,,,,
491,カリテコ利用中に駐車違反をしてしまった。どうすればいいですか？,ｄカーシェア,https://faq.carshare.dmkt-sp.jp/faq/show/289?back=front%2Fcategory%3Ashow&category_id=38&page=2&site_domain=default&sort=sort_access&sort_order=desc,,,,
492,カリテコ利用中にステーションに自転車・バイクを停めてもいいですか？,ｄカーシェア,https://faq.carshare.dmkt-sp.jp/faq/show/311?back=front%2Fcategory%3Ashow&category_id=39&page=1&site_domain=default&sort=sort_access&sort_order=desc,,,,
493,カリテコの貸渡証はdカーシェアから発行されますか？,ｄカーシェア,https://faq.carshare.dmkt-sp.jp/faq/show/299?back=front%2Fcategory%3Ashow&category_id=39&page=1&site_domain=default&sort=sort_access&sort_order=desc,,,,
494,マイカーシェア利用時のガソリン代は誰が負担するのでしょうか？,ｄカーシェア,https://faq.carshare.dmkt-sp.jp/faq/show/320?back=front%2Fcategory%3Ashow&category_id=40&page=1&site_domain=default&sort=sort_access&sort_order=desc,,,,
495,マイカーシェアとは、どんなサービスですか？,ｄカーシェア,https://faq.carshare.dmkt-sp.jp/faq/show/3?back=front%2Fcategory%3Ashow&category_id=40&page=1&site_domain=default&sort=sort_access&sort_order=desc,,,,
496,マイカーシェアのクルマの受渡しと返却はどのように行うのですか？,ｄカーシェア,https://faq.carshare.dmkt-sp.jp/faq/show/312?back=front%2Fcategory%3Ashow&category_id=40&page=1&site_domain=default&sort=sort_access&sort_order=desc,,,,
497,マイカーシェアにおける車両の点検整備について責任を負うのは誰ですか？,ｄカーシェア,https://faq.carshare.dmkt-sp.jp/faq/show/316?back=front%2Fcategory%3Ashow&category_id=40&page=1&site_domain=default&sort=sort_access&sort_order=desc,,,,
498,マイカーシェアの共同使用契約とは何ですか？,ｄカーシェア,https://faq.carshare.dmkt-sp.jp/faq/show/314?back=front%2Fcategory%3Ashow&category_id=40&page=1&site_domain=default&sort=sort_access&sort_order=desc,,,,
499,マイカーシェアの共同使用とレンタカーの違いはなんですか？,ｄカーシェア,https://faq.carshare.dmkt-sp.jp/faq/show/315?back=front%2Fcategory%3Ashow&category_id=40&page=1&site_domain=default&sort=sort_access&sort_order=desc,,,,
500,マイカーシェアの共同使用料を設定する上で、注意事項はありますか？ ,ｄカーシェア,https://faq.carshare.dmkt-sp.jp/faq/show/317?back=front%2Fcategory%3Ashow&category_id=40&page=1&site_domain=default&sort=sort_access&sort_order=desc,,,,
501,マイカーシェア利用時のオーナーおよびドライバー情報はアプリ上でいつから・いつまで表示されますか？,ｄカーシェア,https://faq.carshare.dmkt-sp.jp/faq/show/324?back=front%2Fcategory%3Ashow&category_id=40&page=1&site_domain=default&sort=sort_access&sort_order=desc,,,,
502,マイカーシェアのチャットは他の人に公開されますか？,ｄカーシェア,https://faq.carshare.dmkt-sp.jp/faq/show/321?back=front%2Fcategory%3Ashow&category_id=40&page=1&site_domain=default&sort=sort_access&sort_order=desc,,,,
503,マイカーシェアの予約方法について教えてください。,ｄカーシェア,https://faq.carshare.dmkt-sp.jp/faq/show/313?back=front%2Fcategory%3Ashow&category_id=40&page=1&site_domain=default&sort=sort_access&sort_order=desc,,,,
504,マイカーシェアの共同使用契約の契約期間を教えてください。,ｄカーシェア,https://faq.carshare.dmkt-sp.jp/faq/show/318?back=front%2Fcategory%3Ashow&category_id=40&page=2&site_domain=default&sort=sort_access&sort_order=desc,,,,
505,契約済みのマイカーシェア共同使用契約の内容は、どこで確認できますか？,ｄカーシェア,https://faq.carshare.dmkt-sp.jp/faq/show/319?back=front%2Fcategory%3Ashow&category_id=40&page=2&site_domain=default&sort=sort_access&sort_order=desc,,,,
506,マイカーシェア利用時のプロフィール情報は何が公開されますか？,ｄカーシェア,https://faq.carshare.dmkt-sp.jp/faq/show/322?back=front%2Fcategory%3Ashow&category_id=40&page=2&site_domain=default&sort=sort_access&sort_order=desc,,,,
507,マイカーシェア利用にあたりプロフィール情報を記載する際の注意点を教えてください。,ｄカーシェア,https://faq.carshare.dmkt-sp.jp/faq/show/323?back=front%2Fcategory%3Ashow&category_id=40&page=2&site_domain=default&sort=sort_access&sort_order=desc,,,,
508,マイカーシェアの共同使用料を期日内に受取らなかった場合は、どうなりますか？,ｄカーシェア,https://faq.carshare.dmkt-sp.jp/faq/show/327?back=front%2Fcategory%3Ashow&category_id=41&page=1&site_domain=default&sort=sort_access&sort_order=desc,,,,
509,マイカーシェアのプラットフォーム手数料はいくらですか？ ,ｄカーシェア,https://faq.carshare.dmkt-sp.jp/faq/show/325?back=front%2Fcategory%3Ashow&category_id=41&page=1&site_domain=default&sort=sort_access&sort_order=desc,,,,
510,マイカーシェアの共同使用料は所得税法における所得の区分はどの様になりますか？,ｄカーシェア,https://faq.carshare.dmkt-sp.jp/faq/show/328?back=front%2Fcategory%3Ashow&category_id=41&page=1&site_domain=default&sort=sort_access&sort_order=desc,,,,
511,マイカーシェアのオーナーに対する共同使用料はどのように・いつ振り込まれますか？ ,ｄカーシェア,https://faq.carshare.dmkt-sp.jp/faq/show/326?back=front%2Fcategory%3Ashow&category_id=41&page=1&site_domain=default&sort=sort_access&sort_order=desc,,,,
512,マイカーシェアのオーナーになるためにはどうすればいいですか？ ,ｄカーシェア,https://faq.carshare.dmkt-sp.jp/faq/show/329?back=front%2Fcategory%3Ashow&category_id=42&page=1&site_domain=default&sort=sort_access&sort_order=desc,,,,
513,マイカーシェアのクルマの紹介文には、どの様な内容を記載すればいいのでしょうか？,ｄカーシェア,https://faq.carshare.dmkt-sp.jp/faq/show/336?back=front%2Fcategory%3Ashow&category_id=42&page=1&site_domain=default&sort=sort_access&sort_order=desc,,,,
514,マイカーシェアで登録できるクルマにはどの様な条件がありますか？,ｄカーシェア,https://faq.carshare.dmkt-sp.jp/faq/show/330?back=front%2Fcategory%3Ashow&category_id=42&page=1&site_domain=default&sort=sort_access&sort_order=desc,,,,
515,マイカーシェアのクルマ情報の公開を停止することはできますか？,ｄカーシェア,https://faq.carshare.dmkt-sp.jp/faq/show/335?back=front%2Fcategory%3Ashow&category_id=42&page=1&site_domain=default&sort=sort_access&sort_order=desc,,,,
516,マイカーシェアのクルマの登録台数に制限はありますか？,ｄカーシェア,https://faq.carshare.dmkt-sp.jp/faq/show/333?back=front%2Fcategory%3Ashow&category_id=42&page=1&site_domain=default&sort=sort_access&sort_order=desc,,,,
517,マイカーシェアのクルマを登録する時に車検証の写しが必要なのはなぜですか？,ｄカーシェア,https://faq.carshare.dmkt-sp.jp/faq/show/331?back=front%2Fcategory%3Ashow&category_id=42&page=1&site_domain=default&sort=sort_access&sort_order=desc,,,,
518,マイカーシェアのクルマを途中まで登録したのですが、削除するためにはどうすればいいですか？,ｄカーシェア,https://faq.carshare.dmkt-sp.jp/faq/show/337?back=front%2Fcategory%3Ashow&category_id=42&page=1&site_domain=default&sort=sort_access&sort_order=desc,,,,
519,マイカーシェアのクルマを登録し終わったのですが、検索に反映されません。なぜですか？ ,ｄカーシェア,https://faq.carshare.dmkt-sp.jp/faq/show/332?back=front%2Fcategory%3Ashow&category_id=42&page=1&site_domain=default&sort=sort_access&sort_order=desc,,,,
520,登録したマイカーシェアのクルマ情報の内容を変更することはできますか？,ｄカーシェア,https://faq.carshare.dmkt-sp.jp/faq/show/334?back=front%2Fcategory%3Ashow&category_id=42&page=1&site_domain=default&sort=sort_access&sort_order=desc,,,,
521,マイカーシェアの予約は何日前からできますか？,ｄカーシェア,https://faq.carshare.dmkt-sp.jp/faq/show/338?back=front%2Fcategory%3Ashow&category_id=43&page=1&site_domain=default&sort=sort_access&sort_order=desc,,,,
522,マイカーシェアの予約は最長どのくらいできますか？,ｄカーシェア,https://faq.carshare.dmkt-sp.jp/faq/show/339?back=front%2Fcategory%3Ashow&category_id=43&page=1&site_domain=default&sort=sort_access&sort_order=desc,,,,
523,マイカーシェアのオーナーから予約申込み（リクエスト）が承認されない場合はどうなりますか？,ｄカーシェア,https://faq.carshare.dmkt-sp.jp/faq/show/341?back=front%2Fcategory%3Ashow&category_id=43&page=1&site_domain=default&sort=sort_access&sort_order=desc,,,,
524,マイカーシェアのクルマのオプション、受渡し時間・場所等の詳細について確認したい場合は、どうすればいいですか？,ｄカーシェア,https://faq.carshare.dmkt-sp.jp/faq/show/340?back=front%2Fcategory%3Ashow&category_id=43&page=1&site_domain=default&sort=sort_access&sort_order=desc,,,,
525,マイカーシェアの予約を変更したいのですが、どうすればいいですか？,ｄカーシェア,https://faq.carshare.dmkt-sp.jp/faq/show/342?back=front%2Fcategory%3Ashow&category_id=44&page=1&site_domain=default&sort=sort_access&sort_order=desc,,,,
526,マイカーシェアはドライバーから予約キャンセルができますか？,ｄカーシェア,https://faq.carshare.dmkt-sp.jp/faq/show/344?back=front%2Fcategory%3Ashow&category_id=44&page=1&site_domain=default&sort=sort_access&sort_order=desc,,,,
527,マイカーシェアのキャンセル料はどのような場合にかかりますか？,ｄカーシェア,https://faq.carshare.dmkt-sp.jp/faq/show/343?back=front%2Fcategory%3Ashow&category_id=44&page=1&site_domain=default&sort=sort_access&sort_order=desc,,,,
528,マイカーシェアはオーナーからキャンセルができますか？,ｄカーシェア,https://faq.carshare.dmkt-sp.jp/faq/show/345?back=front%2Fcategory%3Ashow&category_id=44&page=1&site_domain=default&sort=sort_access&sort_order=desc,,,,
529,マイカーシェアのクルマ受渡しまたは返却時間に遅れてしまう場合は、どうすればいいですか？,ｄカーシェア,https://faq.carshare.dmkt-sp.jp/faq/show/350?back=front%2Fcategory%3Ashow&category_id=45&page=1&site_domain=default&sort=sort_access&sort_order=desc,,,,
530,マイカーシェアの傷確認機能とは何ですか？,ｄカーシェア,https://faq.carshare.dmkt-sp.jp/faq/show/347?back=front%2Fcategory%3Ashow&category_id=45&page=1&site_domain=default&sort=sort_access&sort_order=desc,,,,
531,マイカーシェアの「クルマ受渡し・返却チェックシート」とは何ですか？,ｄカーシェア,https://faq.carshare.dmkt-sp.jp/faq/show/346?back=front%2Fcategory%3Ashow&category_id=45&page=1&site_domain=default&sort=sort_access&sort_order=desc,,,,
532,マイカーシェアのクルマ受渡時の本人確認はどうすればいいですか？,ｄカーシェア,https://faq.carshare.dmkt-sp.jp/faq/show/348?back=front%2Fcategory%3Ashow&category_id=45&page=1&site_domain=default&sort=sort_access&sort_order=desc,,,,
533,マイカーシェアのクルマの利用方法について確認したい場合は、どこに連絡すればいいですか？,ｄカーシェア,https://faq.carshare.dmkt-sp.jp/faq/show/349?back=front%2Fcategory%3Ashow&category_id=45&page=1&site_domain=default&sort=sort_access&sort_order=desc,,,,
534,マイカーシェアの保険の補償内容について教えてください。,ｄカーシェア,https://faq.carshare.dmkt-sp.jp/faq/show/352?back=front%2Fcategory%3Ashow&category_id=46&page=1&site_domain=default&sort=sort_access&sort_order=desc,,,,
535,マイカーシェアの保険について教えてください。 ,ｄカーシェア,https://faq.carshare.dmkt-sp.jp/faq/show/351?back=front%2Fcategory%3Ashow&category_id=46&page=1&site_domain=default&sort=sort_access&sort_order=desc,,,,
536,マイカーシェアの予約を変更する場合、保険の契約はどうなりますか？,ｄカーシェア,https://faq.carshare.dmkt-sp.jp/faq/show/353?back=front%2Fcategory%3Ashow&category_id=46&page=1&site_domain=default&sort=sort_access&sort_order=desc,,,,
537,マイカーシェアのクルマ受渡し・返却時における注意点について教えてください。,ｄカーシェア,https://faq.carshare.dmkt-sp.jp/faq/show/354?back=front%2Fcategory%3Ashow&category_id=47&page=1&site_domain=default&sort=sort_access&sort_order=desc,,,,
538,マイカーシェアのレビューで投稿できない内容・注意事項はありますか？,ｄカーシェア,https://faq.carshare.dmkt-sp.jp/faq/show/355?back=front%2Fcategory%3Ashow&category_id=47&page=1&site_domain=default&sort=sort_access&sort_order=desc,,,,
539,マイカーシェアの利用に際して、トラブルに巻き込まれないか心配です。トラブルを避けるために予め注意すべきことはありますか？,ｄカーシェア,https://faq.carshare.dmkt-sp.jp/faq/show/359?back=front%2Fcategory%3Ashow&category_id=48&page=1&site_domain=default&sort=sort_access&sort_order=desc,,,,
540,マイカーシェア利用時に速度超過や違法駐車などの法令違反をしてしまった場合、どうすればいいですか？,ｄカーシェア,https://faq.carshare.dmkt-sp.jp/faq/show/360?back=front%2Fcategory%3Ashow&category_id=48&page=1&site_domain=default&sort=sort_access&sort_order=desc,,,,
541,マイカーシェアの利用時に事故などが発生した場合、どうすればいいですか？,ｄカーシェア,https://faq.carshare.dmkt-sp.jp/faq/show/361?back=front%2Fcategory%3Ashow&category_id=48&page=1&site_domain=default&sort=sort_access&sort_order=desc,,,,
542,マイカーシェアの相手が、約束の時間に受渡し・返却場所に現れないのですが、どうすればいいですか？,ｄカーシェア,https://faq.carshare.dmkt-sp.jp/faq/show/358?back=front%2Fcategory%3Ashow&category_id=48&page=1&site_domain=default&sort=sort_access&sort_order=desc,,,,
543,マイカーシェアの相手に共同使用のルールに反する行為があった場合どうすればいいですか？,ｄカーシェア,https://faq.carshare.dmkt-sp.jp/faq/show/357?back=front%2Fcategory%3Ashow&category_id=48&page=1&site_domain=default&sort=sort_access&sort_order=desc,,,,
544,マイカーシェアの「違反を通知する」とはどの様な機能ですか？ ,ｄカーシェア,https://faq.carshare.dmkt-sp.jp/faq/show/362?back=front%2Fcategory%3Ashow&category_id=48&page=1&site_domain=default&sort=sort_access&sort_order=desc,,,,
545,マイカーシェアの共同使用契約に違反した場合はどうなりますか？,ｄカーシェア,https://faq.carshare.dmkt-sp.jp/faq/show/356?back=front%2Fcategory%3Ashow&category_id=48&page=1&site_domain=default&sort=sort_access&sort_order=desc,,,,
546,dカーシェアで利用できるレンタカーサービスは何がありますか？,ｄカーシェア,https://faq.carshare.dmkt-sp.jp/faq/show/4?back=front%2Fcategory%3Ashow&category_id=49&page=1&site_domain=default&sort=sort_access&sort_order=desc,,,,
547,レンタカーの料金について教えてください。,ｄカーシェア,https://faq.carshare.dmkt-sp.jp/faq/show/363?back=front%2Fcategory%3Ashow&category_id=49&page=1&site_domain=default&sort=sort_access&sort_order=desc,,,,
548,乗り捨てが利用できるレンタカー事業者はどこですか？,ｄカーシェア,https://faq.carshare.dmkt-sp.jp/faq/show/365?back=front%2Fcategory%3Ashow&category_id=49&page=1&site_domain=default&sort=sort_access&sort_order=desc,,,,
549,レンタカーの乗り捨てに料金はかかりますか？,ｄカーシェア,https://faq.carshare.dmkt-sp.jp/faq/show/366?back=front%2Fcategory%3Ashow&category_id=49&page=1&site_domain=default&sort=sort_access&sort_order=desc,,,,
550,レンタカーの利用にあたり空港などへ送迎はありますか？,ｄカーシェア,https://faq.carshare.dmkt-sp.jp/faq/show/364?back=front%2Fcategory%3Ashow&category_id=49&page=1&site_domain=default&sort=sort_access&sort_order=desc,,,,
551,レンタカーの予約は何日前からできますか？,ｄカーシェア,https://faq.carshare.dmkt-sp.jp/faq/show/367?back=front%2Fcategory%3Ashow&category_id=50&page=1&site_domain=default&sort=sort_access&sort_order=desc,,,,
552,レンタカーは予約者とドライバーが異なる場合でも予約できますか？,ｄカーシェア,https://faq.carshare.dmkt-sp.jp/faq/show/369?back=front%2Fcategory%3Ashow&category_id=50&page=1&site_domain=default&sort=sort_access&sort_order=desc,,,,
553,レンタカーは最長何日間の予約ができますか？,ｄカーシェア,https://faq.carshare.dmkt-sp.jp/faq/show/368?back=front%2Fcategory%3Ashow&category_id=50&page=1&site_domain=default&sort=sort_access&sort_order=desc,,,,
554,レンタカーをBluetooth機能付きの車種や禁煙車などオプションを指定して車両を借りたいのですが、どうすればいいですか？,ｄカーシェア,https://faq.carshare.dmkt-sp.jp/faq/show/370?back=front%2Fcategory%3Ashow&category_id=50&page=1&site_domain=default&sort=sort_access&sort_order=desc,,,,
555,レンタカーの予約をキャンセルしたいのですが、どうすればいいですか？,ｄカーシェア,https://faq.carshare.dmkt-sp.jp/faq/show/372?back=front%2Fcategory%3Ashow&category_id=51&page=1&site_domain=default&sort=sort_access&sort_order=desc,,,,
556,レンタカー利用中に延長した場合、料金はどのような計算になりますか？,ｄカーシェア,https://faq.carshare.dmkt-sp.jp/faq/show/373?back=front%2Fcategory%3Ashow&category_id=51&page=1&site_domain=default&sort=sort_access&sort_order=desc,,,,
557,レンタカーの予約を変更したいのですが、どうすればいいですか？,ｄカーシェア,https://faq.carshare.dmkt-sp.jp/faq/show/371?back=front%2Fcategory%3Ashow&category_id=51&page=1&site_domain=default&sort=sort_access&sort_order=desc,,,,
558,レンタカーは予約をしたドライバー以外の人が運転することはできますか？,ｄカーシェア,https://faq.carshare.dmkt-sp.jp/faq/show/376?back=front%2Fcategory%3Ashow&category_id=52&page=1&site_domain=default&sort=sort_access&sort_order=desc,,,,
559,レンタカー利用中に交通事故を起こしたり、車両をキズつけた場合は、どうすればいいですか？,ｄカーシェア,https://faq.carshare.dmkt-sp.jp/faq/show/377?back=front%2Fcategory%3Ashow&category_id=52&page=1&site_domain=default&sort=sort_access&sort_order=desc,,,,
560,レンタカー利用の際の営業所での手続き方法を教えてください。,ｄカーシェア,https://faq.carshare.dmkt-sp.jp/faq/show/374?back=front%2Fcategory%3Ashow&category_id=52&page=1&site_domain=default&sort=sort_access&sort_order=desc,,,,
561,レンタカーの利用方法について確認したい場合は、どこに連絡すればいいですか？,ｄカーシェア,https://faq.carshare.dmkt-sp.jp/faq/show/375?back=front%2Fcategory%3Ashow&category_id=52&page=1&site_domain=default&sort=sort_access&sort_order=desc,,,,
562,レンタカー速度超過や違法駐車等の法令違反をした場合は、どうすればいいですか？,ｄカーシェア,https://faq.carshare.dmkt-sp.jp/faq/show/378?back=front%2Fcategory%3Ashow&category_id=52&page=1&site_domain=default&sort=sort_access&sort_order=desc,,,,
563,BMWのレンタカーとは、どんなサービスですか？,ｄカーシェア,https://faq.carshare.dmkt-sp.jp/faq/show/5?back=front%2Fcategory%3Ashow&category_id=53&page=1&site_domain=default&sort=sort_access&sort_order=desc,,,,
564,BMWのレンタカーはキャンセル料金がかかりますか？,ｄカーシェア,https://faq.carshare.dmkt-sp.jp/faq/show/387?back=front%2Fcategory%3Ashow&category_id=53&page=1&site_domain=default&sort=sort_access&sort_order=desc,,,,
565,BMWのレンタカーが利用できる時間を教えてください。,ｄカーシェア,https://faq.carshare.dmkt-sp.jp/faq/show/381?back=front%2Fcategory%3Ashow&category_id=53&page=1&site_domain=default&sort=sort_access&sort_order=desc,,,,
566,BMWのレンタカーの利用料金を教えてください。,ｄカーシェア,https://faq.carshare.dmkt-sp.jp/faq/show/379?back=front%2Fcategory%3Ashow&category_id=53&page=1&site_domain=default&sort=sort_access&sort_order=desc,,,,
567,BMWのレンタカー料金の支払いはクレジットカード以外でもできますか？,ｄカーシェア,https://faq.carshare.dmkt-sp.jp/faq/show/386?back=front%2Fcategory%3Ashow&category_id=53&page=1&site_domain=default&sort=sort_access&sort_order=desc,,,,
568,BMWのレンタカーの利用時に必要なものはありますか？,ｄカーシェア,https://faq.carshare.dmkt-sp.jp/faq/show/384?back=front%2Fcategory%3Ashow&category_id=53&page=1&site_domain=default&sort=sort_access&sort_order=desc,,,,
569,BMWのレンタカーの予約ができる車種は何ですか？,ｄカーシェア,https://faq.carshare.dmkt-sp.jp/faq/show/380?back=front%2Fcategory%3Ashow&category_id=53&page=1&site_domain=default&sort=sort_access&sort_order=desc,,,,
570,BMWの利用にあたり、年齢や運転免許保有期間の制限はありますか？,ｄカーシェア,https://faq.carshare.dmkt-sp.jp/faq/show/385?back=front%2Fcategory%3Ashow&category_id=53&page=1&site_domain=default&sort=sort_access&sort_order=desc,,,,
571,BMWのレンタカーの当日の利用についての問合せ先について教えてください。,ｄカーシェア,https://faq.carshare.dmkt-sp.jp/faq/show/388?back=front%2Fcategory%3Ashow&category_id=53&page=1&site_domain=default&sort=sort_access&sort_order=desc,,,,
572,BMWのレンタカーは何日前から予約ができますか？,ｄカーシェア,https://faq.carshare.dmkt-sp.jp/faq/show/391?back=front%2Fcategory%3Ashow&category_id=54&page=1&site_domain=default&sort=sort_access&sort_order=desc,,,,
573,BMWのレンタカーの予約方法を教えてください。,ｄカーシェア,https://faq.carshare.dmkt-sp.jp/faq/show/389?back=front%2Fcategory%3Ashow&category_id=54&page=1&site_domain=default&sort=sort_access&sort_order=desc,,,,
574,BMWのレンタカーはdカーシェアアプリ以外で予約することが可能ですか？,ｄカーシェア,https://faq.carshare.dmkt-sp.jp/faq/show/390?back=front%2Fcategory%3Ashow&category_id=54&page=1&site_domain=default&sort=sort_access&sort_order=desc,,,,
575,BMWのレンタカーはdカーシェア会員登録以外にBMWサイトへの登録が必要ですか？,ｄカーシェア,https://faq.carshare.dmkt-sp.jp/faq/show/393?back=front%2Fcategory%3Ashow&category_id=54&page=1&site_domain=default&sort=sort_access&sort_order=desc,,,,
576,BMWのレンタカーはdカーシェア会員以外でも利用できますか？,ｄカーシェア,https://faq.carshare.dmkt-sp.jp/faq/show/392?back=front%2Fcategory%3Ashow&category_id=54&page=1&site_domain=default&sort=sort_access&sort_order=desc,,,,
577,BMWのレンタカーの予約時間を変更したいが、どうしたらいいですか？,ｄカーシェア,https://faq.carshare.dmkt-sp.jp/faq/show/394?back=front%2Fcategory%3Ashow&category_id=55&page=1&site_domain=default&sort=sort_access&sort_order=desc,,,,
578,BMWのレンタカーの利用終了予定日時にクルマの返却が間に合わない場合、どうしたらいいですか？,ｄカーシェア,https://faq.carshare.dmkt-sp.jp/faq/show/397?back=front%2Fcategory%3Ashow&category_id=55&page=1&site_domain=default&sort=sort_access&sort_order=desc,,,,
579,BMWのレンタカーの予約をキャンセルしたいが、どうしたらいいですか？,ｄカーシェア,https://faq.carshare.dmkt-sp.jp/faq/show/395?back=front%2Fcategory%3Ashow&category_id=55&page=1&site_domain=default&sort=sort_access&sort_order=desc,,,,
580,BMWのレンタカーの利用開始予定日時に間に合わない場合、どうしたらいいですか？,ｄカーシェア,https://faq.carshare.dmkt-sp.jp/faq/show/396?back=front%2Fcategory%3Ashow&category_id=55&page=1&site_domain=default&sort=sort_access&sort_order=desc,,,,
581,BMWのレンタカーの給油はどうすればいいですか？,ｄカーシェア,https://faq.carshare.dmkt-sp.jp/faq/show/398?back=front%2Fcategory%3Ashow&category_id=56&page=1&site_domain=default&sort=sort_access&sort_order=desc,,,,
582,BMWのレンタカーは予約した本人以外に運転できますか？,ｄカーシェア,https://faq.carshare.dmkt-sp.jp/faq/show/399?back=front%2Fcategory%3Ashow&category_id=56&page=1&site_domain=default&sort=sort_access&sort_order=desc,,,,
583,レンタカーの利用の際、保険や補償は適用されますか？,ｄカーシェア,https://faq.carshare.dmkt-sp.jp/faq/show/403,,,,
584,BMWのレンタカーはペットを同乗させることはできますか？,ｄカーシェア,https://faq.carshare.dmkt-sp.jp/faq/show/400,,,,
585,BMWのレンタカー利用時に事故や車両の故障・不具合が発生した場合はどこに連絡すればいいですか？,ｄカーシェア,https://faq.carshare.dmkt-sp.jp/faq/show/402,,,,
586,BMWのレンタカーはチャイルドシートを装着できますか？,ｄカーシェア,https://faq.carshare.dmkt-sp.jp/faq/show/401,,,,
587,くじで獲得したポイントはいつ反映されますか？,ｄマーケット,https://d.dmkt-sp.jp/common/qa/category/kuji/index005.html,,,,
588,くじで獲得したポイントが反映されません。,ｄマーケット,https://d.dmkt-sp.jp/common/qa/category/kuji/index006.html,,,,
589,くじのスタートボタンを押すと「大変混み合っています」とエラーになりくじが引けません。,ｄマーケット,https://d.dmkt-sp.jp/common/qa/category/kuji/index001.html,,,,
590,くじを引いていないのに、済マークが付いていたり、「くじは1日1回です」という表示が出てくじが引けません。,ｄマーケット,https://d.dmkt-sp.jp/common/qa/category/kuji/index004.html,,,,
591,くじが当たりません。,ｄマーケット,https://d.dmkt-sp.jp/common/qa/category/kuji/index002.html,,,,
592,くじは機種変更をしてもゲーム内容は引き継がれますか？,ｄマーケット,https://d.dmkt-sp.jp/common/qa/category/kuji/index003.html,,,,
593,すごろくで獲得したポイントはいつ付与されますか？,ｄマーケット,https://d.dmkt-sp.jp/common/qa/category/sugoroku/index001.html,,,,
594,ゲーム内容がリセットされてしまいます。,ｄマーケット,https://d.dmkt-sp.jp/common/qa/category/sugoroku/index002.html,,,,
595,すごろくは機種変更をしてもゲーム内容は引き継がれますか？,ｄマーケット,https://d.dmkt-sp.jp/common/qa/category/sugoroku/index011.html,,,,
596,すごろくのアイテムのつかい方が分かりません。,ｄマーケット,https://d.dmkt-sp.jp/common/qa/category/sugoroku/index012.html,,,,
597,すごろくのニックネーム登録方法がわかりません。,ｄマーケット,https://d.dmkt-sp.jp/common/qa/category/sugoroku/index013.html,,,,
598,すごろくが今までと同じニックネームで遊べません。,ｄマーケット,https://d.dmkt-sp.jp/common/qa/category/sugoroku/index014.html,,,,
599,今までのすごろくの履歴、アイテムなどが消えています。,ｄマーケット,https://d.dmkt-sp.jp/common/qa/category/sugoroku/index014.html,,,,
600,すごろくアイテム「dジョブ(★★★)」について知りたい。,ｄマーケット,https://d.dmkt-sp.jp/common/qa/category/sugoroku/index016.html,,,,
601,すごろくを実施し商品購入をしたが、アイテムが獲得できません。,ｄマーケット,https://d.dmkt-sp.jp/common/qa/category/sugoroku/index003.html,,,,
602,アイテムの効果が反映されません。,ｄマーケット,https://d.dmkt-sp.jp/common/qa/category/sugoroku/index005.html,,,,
603,すごろくで大きい目が出ません。,ｄマーケット,https://d.dmkt-sp.jp/common/qa/category/sugoroku/index006.html,,,,
604,すごろくのニックネームを変更もしくは、削除できますか？,ｄマーケット,https://d.dmkt-sp.jp/common/qa/category/sugoroku/index007.html,,,,
605,すごろくで画面の表示が崩れていたり、ボタンを押しても反応しません。,ｄマーケット,https://d.dmkt-sp.jp/common/qa/category/sugoroku/index008.html,,,,
606,dメニューチャンス！遊んでたまるすごろくについて詳細を確認したい。,ｄマーケット,https://d.dmkt-sp.jp/common/qa/category/sugoroku/index009.html,,,,
607,すごろくのニックネームが既に使われていて登録できません。,ｄマーケット,https://d.dmkt-sp.jp/common/qa/category/sugoroku/index010.html,,,,
608,どうぶつ図鑑で獲得したポイントはいつ付与されますか？,ｄマーケット,https://d.dmkt-sp.jp/common/qa/category/zukan/index007.html,,,,
609,ミッションをクリアしましたがレアどうぶつが獲得できません。,ｄマーケット,https://d.dmkt-sp.jp/common/qa/category/zukan/index006.html,,,,
610,どうぶつ図鑑で獲得したポイントが反映されません。,ｄマーケット,https://d.dmkt-sp.jp/common/qa/category/zukan/index005.html,,,,
611,どうぶつ図鑑のニックネームを変更もしくは削除できますか？,ｄマーケット,https://d.dmkt-sp.jp/common/qa/category/zukan/index004.html,,,,
612,どうぶつ図鑑で画面の表示が崩れていたり、ボタンを押しても反応しません。,ｄマーケット,https://d.dmkt-sp.jp/common/qa/category/zukan/index003.html,,,,
613,どうぶつ図鑑のニックネームが既に使われていて登録できません。,ｄマーケット,https://d.dmkt-sp.jp/common/qa/category/zukan/index002.html,,,,
614,iPadでアクセスしたら「このページは、ご利用の環境に対応しておりません。」というメッセージが表示されました。,ｄマーケット,https://d.dmkt-sp.jp/common/qa/category/zukan/index001.html,,,,
615,dマーケットとはどのようなサイトですか？,ｄマーケット,https://d.dmkt-sp.jp/common/qa/category/dmarket/index012.html,,,,
616,dマーケットではどのようなサービスがありますか？,ｄマーケット,https://d.dmkt-sp.jp/common/qa/category/dmarket/index011.html,,,,
617,dマーケットポータルはログアウトできますか？,ｄマーケット,https://d.dmkt-sp.jp/common/qa/category/dmarket/index002.html,,,,
618,利用動向分析をしていますか？,ｄマーケット,https://d.dmkt-sp.jp/common/qa/category/dmarket/index001.html,,,,
619,ドコモが提供するサービスでは、どのように支払いをするのですか？,ｄマーケット,https://d.dmkt-sp.jp/common/qa/category/dmarket/index009.html,,,,
620,年齢による利用制限はありますか？,ｄマーケット,https://d.dmkt-sp.jp/common/qa/category/dmarket/index008.html,,,,
621,対応機種は何ですか？,ｄマーケット,https://d.dmkt-sp.jp/common/qa/category/dmarket/index007.html,,,,
622,海外で利用できますか？,ｄマーケット,https://d.dmkt-sp.jp/common/qa/category/dmarket/index006.html,,,,
623,Wi-Fi接続時でも利用できますか？,ｄマーケット,https://d.dmkt-sp.jp/common/qa/category/dmarket/index005.html,,,,
624,最近チェックした商品を削除することはできますか？,ｄマーケット,https://d.dmkt-sp.jp/common/qa/category/dmarket/index004.html,,,,
625,dマーケットポータルの推奨環境を教えてください。,ｄマーケット,https://d.dmkt-sp.jp/common/qa/category/dmarket/index003.html,,,,
626,dアカウントはなぜ表示されていますか？,ｄマーケット,https://d.dmkt-sp.jp/common/qa/category/daccount/index001.html,,,,
627,dアカウントのID/パスワードを忘れてしまいました。,ｄマーケット,https://d.dmkt-sp.jp/common/qa/category/daccount/index002.html,,,,
628,dアカウントでログインできません。,ｄマーケット,https://d.dmkt-sp.jp/common/qa/category/daccount/index003.html,,,,
629,ログイン画面でdアカウントの入力が必要となるのはどんなときですか？,ｄマーケット,https://d.dmkt-sp.jp/common/qa/category/daccount/index004.html,,,,
630,自分以外のアカウント名が表示されるのですが、どうしたらいいですか？,ｄマーケット,https://d.dmkt-sp.jp/common/qa/category/daccount/index005.html,,,,
631,「ドコモの電話番号でログインする」と、「別のdアカウントでログインする」の違いはなんですか？,ｄマーケット,https://d.dmkt-sp.jp/common/qa/category/daccount/index006.html,,,,
632,dポイントとは何ですか？,ｄマーケット,https://d.dmkt-sp.jp/common/qa/category/dpoint/index001.html,,,,
633,ポイントが正しく表示されません。,ｄマーケット,https://d.dmkt-sp.jp/common/qa/category/dpoint/index002.html,,,,
634,保有しているdポイントがページに表示されているのはなぜですか?,ｄマーケット,https://d.dmkt-sp.jp/common/qa/category/dpoint/index003.html,,,,
635,dポイント決済をキャンセルしたがポイントが戻らないのですが,ｄマーケット,https://d.dmkt-sp.jp/common/qa/category/dpoint/index004.html,,,,
636,dポイントが消失しました。,ｄマーケット,https://d.dmkt-sp.jp/common/qa/category/dpoint/index005.html,,,,
637,期間・用途限定ポイントはどこで使えますか？,ｄマーケット,https://d.dmkt-sp.jp/common/qa/category/dpoint/index006.html,,,,
638,期間用途限定ポイントとは何ですか？,ｄマーケット,https://d.dmkt-sp.jp/common/qa/category/dpoint/index007.html,,,,
639,dコインについて教えてください。,ｄマーケット,https://d.dmkt-sp.jp/common/qa/category/dcoin/index001.html,,,,
640,投稿してはいけない内容はありますか？,ｄマーケット,https://d.dmkt-sp.jp/common/qa/category/review/index001.html,,,,
641,投稿はいつ反映されるのですか？,ｄマーケット,https://d.dmkt-sp.jp/common/qa/category/review/index002.html,,,,
642,プロフィールを変更したいです。,ｄマーケット,https://d.dmkt-sp.jp/common/qa/category/review/index011.html,,,,
643,プロフィールが変更されません。,ｄマーケット,https://d.dmkt-sp.jp/common/qa/category/review/index012.html,,,,
644,プロフィールを変更した場合、過去の投稿はどうなるのですか？,ｄマーケット,https://d.dmkt-sp.jp/common/qa/category/review/index013.html,,,,
645,投稿者名を設定したのですが【投稿者】のままです。,ｄマーケット,https://d.dmkt-sp.jp/common/qa/category/review/index003.html,,,,
646,投稿者名を変更したのに変更されません。,ｄマーケット,https://d.dmkt-sp.jp/common/qa/category/review/index004.html,,,,
647,投稿した内容を編集・削除したいです。,ｄマーケット,https://d.dmkt-sp.jp/common/qa/category/review/index005.html,,,,
648,投稿した内容の編集ができません。,ｄマーケット,https://d.dmkt-sp.jp/common/qa/category/review/index006.html,,,,
649,今まで投稿したレビューを確認したいです。,ｄマーケット,https://d.dmkt-sp.jp/common/qa/category/review/index007.html,,,,
650,投稿した内容が非表示になりました。なぜですか？,ｄマーケット,https://d.dmkt-sp.jp/common/qa/category/review/index008.html,,,,
651,投稿ができません。,ｄマーケット,https://d.dmkt-sp.jp/common/qa/category/review/index009.html,,,,
652,dマーケットマスターチャレンジとはなんですか？,ｄマーケット,https://d.dmkt-sp.jp/common/qa/category/maschalle/index001.html,,,,
653,「ご利用状況」にデータが反映されないのですが。,ｄマーケット,https://d.dmkt-sp.jp/common/qa/category/maschalle/index002.html,,,,
654,dマーケットマスターチャレンジで獲得したdポイント(期間・用途限定)はいつ進呈されますか？,ｄマーケット,https://d.dmkt-sp.jp/common/qa/category/maschalle/index003.html,,,,
655,dマーケットマスターチャレンジはその他のポイントキャンペーンと併用は可能ですか？,ｄマーケット,https://d.dmkt-sp.jp/common/qa/category/maschalle/index005.html,,,,
656,「マスターチャレンジパスポート」とは何ですか？,ｄマーケット,https://d.dmkt-sp.jp/common/qa/category/maschalle/index006.html,,,,
657,おすすめ抽選の進呈時期はいつですか？,ｄマーケット,https://d.dmkt-sp.jp/common/qa/category/maschalle/index007.html,,,,
658,dマーケットマスターになるにはどうしたらいいですか？,ｄマーケット,https://d.dmkt-sp.jp/common/qa/category/maschalle/index008.html,,,,
659,メルマガの配信停止方法を教えてください。,ｄマーケット,https://d.dmkt-sp.jp/common/qa/category/mail_push/index001.html,,,,
660,お知らせ通知の停止方法を教えてください。,ｄマーケット,https://d.dmkt-sp.jp/common/qa/category/mail_push/index002.html,,,,
661,メルマガをパソコンで受信したい。,ｄマーケット,https://d.dmkt-sp.jp/common/qa/category/mail_push/index004.html,,,,
662,メールサービスを配信停止したが、メルマガが届きます。,ｄマーケット,https://d.dmkt-sp.jp/common/qa/category/mail_push/index003.html,,,,
663,アカウント（スクリーンネーム）とは何ですか？,ｄマーケット,https://d.dmkt-sp.jp/common/qa/category/twitter/index001.html,,,,
664,「月曜日にdポイントがあたるキャンペーン」に参加したのですが、アカウント（スクリーンネーム）の入力を間違えました。,ｄマーケット,https://d.dmkt-sp.jp/common/qa/category/twitter/index002.html,,,,
665,「月曜日にdポイントがあたるキャンペーン」に参加したのですが、エラーでアカウント（スクリーンネーム）の入力ができません。,ｄマーケット,https://d.dmkt-sp.jp/common/qa/category/twitter/index003.html,,,,
666,心当たりのない請求がされています。,ｄマーケット,https://d.dmkt-sp.jp/common/qa/category/other/index001.html,,,,
667,問い合わせたが、回答が返ってきません。,ｄマーケット,https://d.dmkt-sp.jp/common/qa/category/other/index002.html,,,,
668,契約中の月額サービスを解約したいです。,ｄマーケット,https://d.dmkt-sp.jp/common/qa/category/other/index003.html,,,,
669,購入した商品に不具合があったため、返品/交換したいです。,ｄマーケット,https://d.dmkt-sp.jp/common/qa/category/other/index005.html,,,,
670,購入した商品の配送状況が知りたいです。,ｄマーケット,https://d.dmkt-sp.jp/common/qa/category/other/index006.html,,,,
