Summary,ID,
MobiControl v Manual – どの,1,
Apple 製品 MobiControl v 14 Manual ios overall 使いたいです,2,
Android 端末 – MobiControl v 14 Manual plus 関する情報を教えてください,3,
Windows PC – MobiControl v Manual wpc overall 構築するにはどうすればよいですか,4,
Windows – MobiControl v 14 Manual wm overall 使い始める方法を教えてください,5,
MobiControl v 14 Manual linux overall 使い始める方法を教えてください,6,
MobiControl の – MobiControl v 14 Manual merits どっち,7,
MobiControl バージョン と 新 機能 – MobiControl v 14 Manual releasenotes 開発を開始する場所,8,
評価 版 の – MobiControl v 14 Manual trial どうでしたか,9,
MobiControl の 構成 – MobiControl 14 Manual gettingstarted ことは何ですか,10,
MobiControl ライセンス の 更新 – MobiControl v 14 Manual ついて教えてください,11,
管理 _ 証明 書 等 の 設定 – MobiControl v 14 Manual serverproperties 入れられますか,12,
APNs 証明 書 の 更新 – MobiControl 14 Manual apns certificate どうして,13,
証明 書 の テンプレート – MobiControl v 14 Manual certificateauthorities どこ,14,
接続 プロファイル の 作成 – MobiControl v 14 Manual ldap profile どの,15,
AD _ FS と の プロファイル – MobiControl v 14 Manual ad fs profile なにで,16,
端末 OS 共通 の 設定 項目 – MobiControl v Manual commonsettings どんな,17,
プロファイル  詳細 設定 – MobiControl v 14 Manual policies rules 作りたい,18,
Firewall / Proxy へ の – MobiControl v 14 Manual networkports どっち,19,
付属 情報 の 定義 – MobiControl 14 Manual custom attributes 構築するにはどうすればよいですか,20,
コンテンツ の 運用 – MobiControl v 14 Manual contentlibrary 何ですか,21,
ジオフェンス の 作成 と 運用 – MobiControl v 14 Manual どの,22,
– MobiControl v 14 Manual erg setup 何ができますか,23,
セルフサービスポータル – MobiControl 14 Manual selfserviceportal manual 始める方法,24,
Exchange へ の 不法 防止 – MobiControl v 14 Manual secureemailaccess 作り方は,25,
端末 削除 後 表示 、 削除 禁止 など – MobiControl v 14 Manual unenroll selfservicebanner 使いたいです,26,
管理 コンソール の 構成 – MobiControl v 14 Manual console 関する情報を教えてください,27,
端末 グループ の 設定 – MobiControl v 14 adddevicegroup 構築するにはどうすればよいですか,28,
端末 を 他 の 端末 グループ 移動 – MobiControl v 14 Manual devicesrelocation 使用しますか,29,
コンソール で の フィルタ – MobiControl v 14 Manual devicefiltering どちら,30,
端末 一覧 端末 プロパティ の 入替 – MobiControl v 14 Manual deviceproperty column どんな,31,
な 端末 を 探す – MobiControl v 14 Manual devicesearch 使い始めるには,32,
端末 状況 の グラフ – MobiControl v Manual statuscharts 何ですか,33,
びっくり マーク と 上向き 矢印 – MobiControl 14 Manual console icons 作り方は,34,
パッケージ ・ スタジオ – MobiControl 14 Manual psoverview 構築するにはどうすればよいですか,35,
作成 から ビルド まで – MobiControl v 14 Manual 始める方法,36,
スクリプト の 挿入 / 編集 – v 14 Manual addscript 構築するにはどうすればよいですか,37,
パッケージ の バージョンアップ – MobiControl 14 Manual revisepackage 作り方は,38,
パッケージ の アップ ロード – v 14 Manual addpackage どの,39,
プロファイル へ の 積 込 – MobiControl 14 Manual loadonprofile どっち,40,
指定 日時 に インストール – MobiControl v 14 packageinstalltiming どこですか,41,
アラート ルール ( 全 OS 共通 ) – MobiControl v 14 Manual alertrulesgeneral 使い始めるには,42,
管理 サーバ ･ アラート – MobiControl v 14 Manual serverevent 作り方は,43,
システム ･ アラート MobiControl v 14 Manual alert systemevent 作りたい,44,
電子 メール プロファイル 作成 – MobiControl v Manual noticationprofile 入れられますか,45,
アラート 監視 と 管理 – MobiControl v 14 Manual どこですか,46,
コンソール 管理 の 登録 – MobiControl v 14 Manual consoleinitial login 使うには,47,
コンソール 管理 者 グループ – MobiControl 14 Manual consolepermission 何ですか,48,
コンソール 者 の 追加 – MobiControl v 14 Manual consoleusercreate 使うには,49,
管理 者 の 認証 条件 – MobiControl 14 Manual consolesecurity どこですか,50,
コンソール 管理 の 行動 履歴 – MobiControl v 14 Manual consoleuserstatus 始める方法,51,
WNS から 認証 を 得る – MobiControl v 14 ios settings wns setup ついて教えてください,52,
設定 を する – MobiControl v 14 wpc settings どうでしたか,53,
構成 プロファイル の 設定 – MobiControl v 14 wpc configuredevices 使い始めるには,54,
BitLocker – MobiControl 14 Manual bitlocker 関する情報を教えてください,55,
SCEP へ 要求 書 – MobiControl v 14 Manual wpc scep 使用しますか,56,
端末 ユーザ の 本人 認証 – v 14 Manual wpc authentication どうでしたか,57,
端末 証明 書 – MobiControl v 14 Manual certificate 使用しますか,58,
Windows 情報 保護 – MobiControl v 14 Manual infoprotection 何ができますか,59,
単一 の 指定 – MobiControl v 14 Manual wpc singleapp 使い始めるには,60,
アプリ の 制限 – MobiControl v 14 Manual wpc application control どうでしたか,61,
エンド ポイント PC の 機能 制限 – v 14 Manual wpc device feature control 開発を開始する場所,62,
E メール の 設定 – MobiControl v Manual wpc emailconfig 入れられますか,63,
MS Exchange ActiveSync – MobiControl v 14 wpc activesync どこですか,64,
IMAP – v 14 Manual wpc imap 使いたいです,65,
POP 3 – v 14 Manual wpc pop 3 ことは何ですか,66,
の 設定 – MobiControl v 14 Manual wpc apn 始める方法,67,
VPN の 設定 – MobiControl v 14 wpc vpn どちら,68,
WiFi の 設定 – v 14 Manual wpc wifi 何が,69,
ランチャー の 設定 – v 14 Manual wpc lockdown ついて教えてください,70,
ランチャーテンプレート – MobiControl v 14 wpc lockdowntemplate 何ができますか,71,
Companion – MobiControl v 14 Manual wpc windowscompanion 構築するにはどうすればよいですか,72,
端末 詳細 設定 – MobiControl v Manual wpc advancedsettings 使うには,73,
リモート 操作 の 設定 – MobiControl v 14 wpc remotecontrolsettings どうですか,74,
更新 スケジュール – MobiControl 14 Manual wpc updateschedule 入れられますか,75,
正常 性 証明 書 – MobiControl v 14 Manual health attestation どこですか,76,
時間 帯 の 設定 – MobiControl v 14 Manual wpc connection period 開発を開始する場所,77,
サーバ 群 アクセス 順位 – MobiControl v 14 Manual deploy servers priorities 使い始めるには,78,
時刻 の – MobiControl v 14 Manual wpc time sync 関する情報を教えてください,79,
監視 データ の 指定 MobiControl v 14 Manual wpc customdata どこですか,80,
サポート 担当 者 の 連絡 先 – MobiControl v 14 Manual wpc support contacts 使い始めるには,81,
エージェントアップグレード 設定 – MobiControl v Manual wpc agentupgrade 何が,82,
ルール 設定 – MobiControl v 14 Manual wpc rules view どんな,83,
登録 ルール Modern – MobiControl v 14 Manual wpc add rule modern どの,84,
端末 登録 ルール Classic – MobiControl 14 Manual wpc add rule classic 作りたい,85,
端末 エージェント の 生成 – MobiControl v 14 Manual wpc agent どうでしたか,86,
ファイル 同期 ルール – v 14 Manual wpc filesyncrule どうでしたか,87,
端末 の 移動 ルール – MobiControl v 14 Manual wpc どの,88,
アプリ ･ カタログ ルール – MobiControl v 14 wpc appcatalog rule 関する情報を教えてください,89,
データ 収集 ルール – MobiControl v 14 Manual datacollectionrule なにで,90,
アラートルール – MobiControl v 14 Manual wpc alertrules modern どっち,91,
アラートルール Classic – v 14 Manual wpc alertrules classic 入れられますか,92,
Windows Phone 8 . 1 AET – v 14 Manual winphone aet どこですか,93,
端末 に 働きかける – MobiControl 14 Manual wpc - action 何が,94,
端末 の リモート 操作 – MobiControl 14 Manual wpc remotecontrol どちら,95,
スクリプト 一覧 ( Windows ) – MobiControl v 14 Manual wpc scriptcmd 始める方法,96,
端末 状況 を 視る – MobiControl v 14 Manual wpc - tab 構築するにはどうすればよいですか,97,
端末 パネル – MobiControl v Manual wpc devicepanel 使用しますか,98,
PC ステータス の 詳細 – MobiControl v 14 Manual wpc panel ことは何ですか,99,
地理 位置 を 表示 – MobiControl v 14 Manual wpc locationservices どの,100,
Windows PC レポート – MobiControl v 14 Manual wpc - 作り方は,101,
端末 の 登録 Modern – MobiControl v Manual wpc enrollment modern 作りたい,102,
登録 と 操作 Classic – MobiControl v 14 wpc enrollment classic 開発を開始する場所,103,
接続 時間 帯 の 設定 – MobiControl v 14 Manual connection period 作りたい,104,
設定 する – MobiControl v 14 Manual wm settings 始める方法,105,
構成 プロファイル – MobiControl v 14 Manual configuredevices どう,106,
ファイル の 暗号 化 – MobiControl v 14 Manual wm file どちら,107,
端末 ユーザ の 本人 認証 – MobiControl 14 Manual wm authentication どこですか,108,
無 接続 端末 対策 – MobiControl v 14 wm out of contact 使いたいです,109,
端末 証明 書 – MobiControl v 14 wm certificate なにで,110,
アプリ の 起動 制限 – MobiControl v 14 wm application control 何ですか,111,
の 登録 – MobiControl v 14 Manual wm lockdown どうですか,112,
ランチャー と テンプレート MobiControl v 14 Manual wm lockdown template どこですか,113,
ランチャー と タグ – MobiControl v Manual wm lockdown tags 使用しますか,114,
クルマ 運転 中 の ランチャー – MobiControl v 14 wm lockdown speed ついて教えてください,115,
発 着信 制限 – v 14 Manual wm phonecalls どうですか,116,
端末 機能 制限 – MobiControl v 14 Manual wm feature control ことは何ですか,117,
メール – v 14 Manual wm exchangemail 何ですか,118,
無線 LAN – MobiControl v Manual wm wifi 開発を開始する場所,119,
端末 詳細 設定 – MobiControl v 14 Manual wm どっち,120,
リモート の 設定 – MobiControl v 14 Manual wm remotecontrolsettings 何が,121,
スケジュール – MobiControl v 14 Manual wm updateschedule 使うには,122,
サーバ 群 アクセス 順位 – MobiControl v 14 Manual wm deploy servers 関する情報を教えてください,123,
時刻 の 同期 – MobiControl v 14 Manual wm sync 作り方は,124,
監視 データ の 指定 – MobiControl v 14 Manual wm なにで,125,
サポート 担当 者 へ の 連絡 先 – MobiControl v 14 Manual wm contacts どこ,126,
ルール の – MobiControl v 14 Manual wm rules view どこですか,127,
端末 登録 ルール – MobiControl v 14 Manual wm add どちら,128,
エージェント の 作成 – MobiControl v 14 wm agentmanager 使いたいです,129,
同期 ルール – MobiControl v 14 Manual wm filesyncrule どんな,130,
端末 の 移動 ルール – MobiControl 14 Manual wm relocationrule どこですか,131,
データ 収集 ルール – MobiControl v 14 Manual wm ことは何ですか,132,
アラートルール – MobiControl v 14 wm alertrules 作り方は,133,
通信 費 管理 – MobiControl v 14 Manual wm expenserule 何ですか,134,
端末 に 働きかける – MobiControl v 14 Manual - action 何ですか,135,
の リモート 操作 – MobiControl v 14 Manual wm remotecontrol どこですか,136,
メッセージ を 送る – MobiControl 14 Manual wm sendmsg どうでしたか,137,
スクリプト を 送る – v 14 Manual wm sendscript どっち,138,
スクリプト ･ コマンド 一覧 – MobiControl v Manual wm scriptcmd 関する情報を教えてください,139,
端末 を 視る – MobiControl v 14 Manual wm devices - tab どう,140,
端末 パネル – MobiControl v 14 Manual devicepanel 何ですか,141,
端末 の 詳細 MobiControl v 14 Manual wm info panel どうですか,142,
的 位置 を 表示 – MobiControl v 14 Manual wm locationservices 使用しますか,143,
Win Embedded レポート – MobiControl 14 Manual wm reportstab どうですか,144,
登録 と 操作 – MobiControl v Manual wm mobicontrol manual どこ,145,
バーコード ・ スキャン で 登録 – MobiControl v 14 barcode generator 作りたい,146,
Android – MobiControl v 14 Manual plus agent installation ことは何ですか,147,
設定 を する – MobiControl 14 Manual plus settings 始める方法,148,
Android Plus プロファイル – MobiControl v 14 Manual plus 作りたい,149,
対策 – MobiControl v 14 Manual plus antivirus どこですか,150,
端末 の ファイル 暗号 – MobiControl v 14 Manual plus file encryption 何ができますか,151,
端末 ユーザ の 本人 認証 MobiControl v 14 Manual plus authentication どこですか,152,
無 接続 端末 対策 – MobiControl v 14 Manual plus out of 使い始める方法を教えてください,153,
端末 証明 – MobiControl v 14 Manual plus certificate 使い始めるには,154,
アプリ の 起動 制限 – MobiControl v Manual plus application control 何ですか,155,
ファイア ウォール – MobiControl v 14 Manual plus どうでしたか,156,
ランチャー の 登録 – MobiControl v 14 plus lockdown どこ,157,
ランチャー と テンプレート – v 14 Manual plus lockdown template 何ですか,158,
ランチャー と タグ – MobiControl 14 Manual plus lockdown tags どんな,159,
クルマ 運転 中 の ランチャー – MobiControl v 14 plus lockdown speed どこですか,160,
発 着信 制限 – MobiControl v 14 Manual plus どの,161,
端末 の 機能 制限 – MobiControl v 14 Manual plus feature control 入れられますか,162,
E メール の 設定 – MobiControl v 14 plus emailconfig どう,163,
MS Exchange – MobiControl v 14 Manual plus activesync 使うには,164,
IMAP – v 14 Manual plus imap 何が,165,
POP 3 – v 14 Manual plus pop 3 構築するにはどうすればよいですか,166,
NitroDesk Trouchdown – MobiControl v 14 Manual nitrodesk 使用しますか,167,
APN の 設定 – MobiControl v Manual plus apn ついて教えてください,168,
毎 の VPN – MobiControl v 14 Manual plus vpn - per - app どうして,169,
VPN 設定 – MobiControl v 14 Manual plus vpn ことは何ですか,170,
無線 ホット スポット – MobiControl v 14 Manual plus wifi hotspot どの,171,
無線 LAN の 設定 – v 14 Manual plus wifi 始める方法,172,
タスクスケジューラ A + – MobiControl v 14 Manual taskscheduler どの,173,
ブック マーク – MobiControl v 14 Manual webclip ことは何ですか,174,
SOTI Hub – MobiControl v 14 Manual sotihub 使用しますか,175,
Surf – MobiControl v 14 Manual plus sotisurf 使うには,176,
設定 – MobiControl v 14 Manual plus settingsmanager なにで,177,
Android Enterprise プロファイル – v 14 Manual droidenterprise profile ことは何ですか,178,
対策 – MobiControl v 14 Manual afw antivirus どうして,179,
端末 の 本人 認証 – MobiControl v 14 Manual afw authentication 何が,180,
出荷 時 の リセット 防止 – MobiControl v 14 ae resetprotection 使い始める方法を教えてください,181,
無 接続 端末 対策 – MobiControl v 14 Manual out of contact どっち,182,
端末 証明 書 – MobiControl v 14 Manual afw 作り方は,183,
Chrome の Web フィルタ – MobiControl v 14 Manual webfilter どうして,184,
アプリ の 起動 – MobiControl v 14 Manual afw application control 使用しますか,185,
ブラウザ の セキュリティ 対策 – MobiControl v 14 afw browser 何ですか,186,
ブラウザ の プロ キシ – MobiControl v 14 Manual afw どう,187,
ランチャー – MobiControl v Manual afw kiosk 作りたい,188,
ランチャー と テンプレート – v 14 Manual afw kiosk template 作りたい,189,
ランチャー と タグ – MobiControl v 14 plus lockdown tags - 2 どう,190,
クルマ 運転 中 の ランチャー – MobiControl 14 Manual afw kiosk speed どう,191,
端末 の 機能 制限 – MobiControl v Manual afw device feature control なにで,192,
Exchange for Gmail – v 14 Manual afw exchange どの,193,
APN – v 14 Manual afw apn 構築するにはどうすればよいですか,194,
VPN – MobiControl v Manual afw vpn ことは何ですか,195,
無線 – MobiControl v 14 Manual afw wifi どうして,196,
アプリ 更新 諾否 – MobiControl v 14 afw app update 開発を開始する場所,197,
タスクスケジューラ AE – MobiControl v 14 Manual taskscheduler どうでしたか,198,
ブック マーク – MobiControl 14 Manual afw bookmark 始める方法,199,
SOTI Hub – MobiControl 14 Manual afw sotihub 入れられますか,200,
SOTI Surf – v 14 Manual afw sotisurf 関する情報を教えてください,201,
設定 マネージャー – MobiControl v 14 Manual afw 作り方は,202,
KNOX プロファイル – MobiControl v 14 knox configuration どちら,203,
KNOX ライセンス の 登録 – MobiControl v 14 Manual knox 何ですか,204,
シングルサインオン – MobiControl v 14 knox single sign on 使うには,205,
パス コード – MobiControl v 14 Manual knox どっち,206,
ブラックリスト ･ – MobiControl v 14 Manual knox application control 何ですか,207,
ファイア ウォール MobiControl v 14 Manual knox firewall 作り方は,208,
ブラウザ の 機能 制限 – MobiControl v Manual knox browser どの,209,
端末 の 機能 制限 – MobiControl 14 Manual knox device feature control 開発を開始する場所,210,
E メール の 設定 – MobiControl v 14 Manual knox どこですか,211,
MS Exchange ActiveSync – MobiControl v 14 Manual knox 使用しますか,212,
IMAP – MobiControl v 14 Manual knox 作り方は,213,
POP – MobiControl v 14 Manual knox pop 3 なにで,214,
NitroDesk Trouchdown MobiControl v 14 Manual knox nitrodesk 始める方法,215,
VPN と アプリ の 紐 づけ – MobiControl v 14 Manual vpn 何が,216,
請求 書 公私 分割 – MobiControl v 14 Manual knox splitbilling 関する情報を教えてください,217,
端末 詳細 設定 – v 14 Manual plus advancedsettings 何ですか,218,
監視 データ の 指定 – v 14 Manual plus customdata どこ,219,
時刻 の 同期 – MobiControl v 14 Manual plus sync 使用しますか,220,
リモート 操作 の 設定 – MobiControl v 14 plus remotecontrolsettings 何ができますか,221,
更新 スケジュール – MobiControl v 14 Manual plus 始める方法,222,
接続 時間 の 設定 – MobiControl v 14 Manual plus connection period 使い始める方法を教えてください,223,
端末 の 共用 – v 14 Manual droid shareddevice どこですか,224,
サーバ 群 アクセス 順位 – MobiControl v 14 Manual deploy servers priorities どこ,225,
サポート 担当 へ の 連絡 先 – MobiControl v 14 Manual plus support contacts どう,226,
エージェントアップグレード 設定 – MobiControl v 14 Manual plus 作りたい,227,
端末 の 登録 解除 の 禁止 – MobiControl v 14 Manual plus agentsettings どこですか,228,
ルール の 設定 – MobiControl v Manual plus rules view 開発を開始する場所,229,
端末 登録 ルール – MobiControl 14 Manual plus add rule どちら,230,
アプリ ･ カタログ ルール – MobiControl v 14 Manual plus rule 入れられますか,231,
ファイル 同期 ルール MobiControl v 14 Manual plus filesyncrule 入れられますか,232,
端末 移動 ルール – MobiControl v 14 Manual plus relocationrule なにで,233,
データ 収集 ルール – MobiControl v 14 Manual datacollectionrule 作りたい,234,
アラートルール – MobiControl v 14 Manual plus ことは何ですか,235,
通信 管理 ルール – MobiControl v 14 Manual plus expenserule 始める方法,236,
Google Play Account – MobiControl v 14 Manual googleaccounts 作り方は,237,
G Suite Account MobiControl v 14 Manual afw configuration 始める方法,238,
3 つ の 設定 モード の 詳細 比較 – MobiControl v 14 droid securitiesfeatures 関する情報を教えてください,239,
端末 に 働きかける – v 14 Manual plus - action どちら,240,
端末 の リモート – MobiControl v 14 Manual plus remotecontrol なにで,241,
を 送る – MobiControl v 14 Manual plus sendmsg どちら,242,
スクリプト を 送る – MobiControl v Manual plus sendscript どの,243,
スクリプト ･ コマンド – MobiControl v 14 Manual plus scriptcmd どこですか,244,
ランチャー を 解除 する – MobiControl v Manual droid launcher closed 始める方法,245,
設定 を すぐ 更新 する – MobiControl v 14 Manual immediateupdate 何が,246,
端末 状況 を 視る – MobiControl v Manual plus devices - tab どこ,247,
端末 パネル – MobiControl v 14 droid devicepanel 作り方は,248,
端末 の 詳細 MobiControl v 14 Manual plus info panel 使い始めるには,249,
地理 的 位置 表示 – MobiControl v 14 Manual plus locationservices 作りたい,250,
Android 端末 レポート – MobiControl 14 Manual plus reportstab ついて教えてください,251,
端末 の セットアップ と 操作 – MobiControl v 14 Manual plus agent 入れられますか,252,
Device Owner Mode – MobiControl 14 Manual afw device setup 何ですか,253,
Profile Owner Mode – MobiControl v 14 Manual afw profile 構築するにはどうすればよいですか,254,
バーコード ・ スキャン 登録 – MobiControl v 14 Manual droid barcode generator 何ができますか,255,
エージェント の アップデート MobiControl v 14 Manual droid agentupdate 構築するにはどうすればよいですか,256,
イン の インストール – MobiControl v 14 Manual droid plugin 使うには,257,
常に サーバ と の 接続 を 維持 – MobiControl v 14 Manual undozed 作りたい,258,
端末 の 操作 – MobiControl v 14 Manual plus manual なにで,259,
サポート 担当 者 へ の 連絡 先 – MobiControl v 14 Manual support contacts 構築するにはどうすればよいですか,260,
チェックイン と 接続 – MobiControl v 14 Manual access 2 server どんな,261,
設定 する – MobiControl v 14 Manual ios settings 何ですか,262,
iOS 構成 プロファイル – MobiControl v 14 ios configuredevices 何が,263,
端末 証明 書 – MobiControl v Manual ios configuredevices certificate 何ですか,264,
SCEP へ の 要求 書 MobiControl v 14 Manual ios scep 使うには,265,
Web コンテンツ フィルタ – MobiControl 14 Manual ios webcontentfilter ついて教えてください,266,
iOS アプリ 制限 – MobiControl v 14 Manual application control どうして,267,
iOS シングルアプリモード – MobiControl v Manual ios singleappmode 作り方は,268,
iOS シングルサインオン MobiControl v 14 Manual ios singlesignon どっち,269,
ネットワーク の 制限 – MobiControl v Manual ios networkrestrictions 入れられますか,270,
端末 ユーザ の 本人 認証 – v 14 Manual ios authentication どこですか,271,
端末 の 機能 制限 – MobiControl v 14 Manual ios device feature どんな,272,
E メール の 設定 – MobiControl v 14 Manual ios 使い始める方法を教えてください,273,
MS Exchange – MobiControl v 14 Manual ios activesync どこですか,274,
IMAP – v 14 Manual ios imap どこ,275,
POP 3 – v 14 Manual ios pop 3 どっち,276,
から アドレス 入手 – MobiControl v 14 Manual ios ldap 使い始める方法を教えてください,277,
カレンダー ( CalDAV ) – MobiControl v 14 ios caldav 始める方法,278,
照会 カレンダー MobiControl v 14 Manual ios subscribed cal どう,279,
連絡 先 ( CardDAV ) – MobiControl v 14 Manual carddav 開発を開始する場所,280,
AirPlay の 設定 – MobiControl v 14 ios airplay どうですか,281,
APN の – MobiControl v 14 Manual ios apn 始める方法,282,
アプリ 毎 の VPN – MobiControl v 14 Manual ios vpn per - app 入れられますか,283,
VPN の 設定 – MobiControl v 14 Manual ios どちら,284,
グローバル HTTP プロ – MobiControl v 14 Manual ios http - proxy どちら,285,
無線 LAN の 設定 – MobiControl v 14 Manual wifi 使いたいです,286,
AirPrint の 設定 – MobiControl v 14 Manual ios どこですか,287,
Web クリップ 表示 – MobiControl v 14 Manual ios webclip なにで,288,
フォント の 管理 – MobiControl v Manual ios font どうですか,289,
プロファイル の 配付 – MobiControl v 14 Manual ios configprofile ことは何ですか,290,
管理 対象 ドメイン の 登録 – v 14 Manual ios manageddomains 作りたい,291,
SOTI Hub – v 14 Manual ios sotihub どう,292,
SOTI Surf – MobiControl 14 Manual ios sotisurf 作り方は,293,
macOS プロファイル – MobiControl v 14 Manual macu configuredevices どこですか,294,
端末 証明 書 MobiControl v 14 Manual macu certificate 関する情報を教えてください,295,
SCEP へ の 要求 書 – MobiControl 14 Manual macu scep どっち,296,
ペア レンタル コントロール – v 14 Manual macu parentalcontrol どの,297,
– MobiControl v 14 Manual macu finder ついて教えてください,298,
端末 ユーザ の 本人 – MobiControl v 14 Manual macu authentication なにで,299,
端末 の 機能 制限 – MobiControl v 14 Manual macu device control 使い始める方法を教えてください,300,
設定 アシスタント – MobiControl v 14 Manual settingsassistant 入れられますか,301,
E の 設定 – MobiControl v 14 Manual macu emailconfig 何ですか,302,
MS Exchange ActiveSync – MobiControl v 14 macu activesync 開発を開始する場所,303,
– MobiControl v 14 Manual macu imap どこ,304,
POP 3 MobiControl v 14 Manual macu pop 3 ことは何ですか,305,
LDAP から アドレス 入手 – v 14 Manual macu ldap どこ,306,
カレンダー CalDAV ) – MobiControl v 14 Manual macu settingsassistant - 2 何ができますか,307,
先 ( CardDAV ) – MobiControl v 14 Manual macu carddav どっち,308,
AirPlay の 設定 – MobiControl v 14 Manual macu 何ですか,309,
VPN の 設定 – v 14 Manual macu vpn なにで,310,
イーサネット – MobiControl v 14 Manual macu 何が,311,
プロキシプロファイル – MobiControl v 14 Manual proxyprofile 始める方法,312,
無線 LAN 設定 – MobiControl v 14 Manual macu wifi どんな,313,
の 設定 – MobiControl v 14 Manual macu airprint 作り方は,314,
Web クリップ の 表示 – MobiControl v 14 macu webclip どこですか,315,
アクセシビリティ MobiControl v 14 Manual macu accessibility 関する情報を教えてください,316,
壁紙 と スクリーンセーバー MobiControl v 14 Manual macu wallpaper 使いたいです,317,
Dock MobiControl v 14 Manual macu dock どんな,318,
macOS : フォント を 管理 – MobiControl v 14 Manual macu 何ですか,319,
ログイン 直後 開く 項目 – MobiControl v 14 Manual macu loginitems どちら,320,
プリンタ 設定 – MobiControl v 14 macu printer 始める方法,321,
機能 拡張 – MobiControl v 14 macu extentions 開発を開始する場所,322,
構成 プロファイル の 配付 – MobiControl 14 Manual macu configprofile 使用しますか,323,
管理 ドメイン の 登録 – MobiControl v 14 Manual macu manageddomains 始める方法,324,
デバイス プロファイル – MobiControl v 14 Manual macd configuredevices 何が,325,
FileVault – MobiControl v 14 Manual macd 何が,326,
端末 証明 書 – MobiControl 14 Manual macd certificate 何ができますか,327,
SCEP へ の 書 – MobiControl v 14 Manual macd scep どの,328,
機能 拡張 – MobiControl v 14 Manual macd kernelextention 構築するにはどうすればよいですか,329,
セキュリティ と プライバシー – MobiControl v 14 Manual macd どうして,330,
ペア レンタル – MobiControl v 14 Manual macd parentalcontrol 作り方は,331,
ファイア ウォール – MobiControl 14 Manual macd firewall 始める方法,332,
Finder – MobiControl 14 Manual macd finder どうですか,333,
端末 ユーザ の 本人 認証 MobiControl v 14 Manual macd authentication どうして,334,
ログイン 画面 MobiControl v 14 Manual macd loginwindow 使いたいです,335,
端末 の 機能 制限 MobiControl v 14 Manual macd device feature control ことは何ですか,336,
省エネルギー – MobiControl v 14 Manual macd 使うには,337,
設定 アシスタント – v 14 Manual macd settingsassistant 使うには,338,
AirPlay 設定 – MobiControl v 14 Manual macd airplay 使い始めるには,339,
の 設定 – MobiControl v 14 Manual macd vpn どうして,340,
イーサネット MobiControl v 14 Manual macd ethernet どう,341,
ディレクトリ ・ サーバ に バインド – MobiControl v Manual macd directoryservers なにで,342,
– MobiControl v 14 Manual macd proxyprofile 何ですか,343,
無線 LAN の 設定 – MobiControl 14 Manual macd wifi 使い始めるには,344,
AirPrint の 設定 – v 14 Manual macd airprint どこですか,345,
Xsan – MobiControl v 14 Manual macd どこですか,346,
アクセシビリティ MobiControl v 14 Manual macd accessibility 構築するにはどうすればよいですか,347,
アップデート サーバ – MobiControl v 14 Manual updateserver どんな,348,
Machine サーバ – MobiControl v 14 Manual macd timemachine 構築するにはどうすればよいですか,349,
壁紙 と スクリーンセーバー – MobiControl v Manual macd wallpaper 何が,350,
Dock – MobiControl v 14 macd dock 入れられますか,351,
フォント を 管理 – MobiControl v 14 Manual font 開発を開始する場所,352,
ログイン に 開く 項目 – MobiControl v 14 Manual macd loginitems 使い始める方法を教えてください,353,
プリンタ 設定 – MobiControl 14 Manual macd printer 入れられますか,354,
拡張 – MobiControl v 14 Manual macd extentions 関する情報を教えてください,355,
構成 プロファイル の 配付 – MobiControl v 14 macd configprofile どんな,356,
管理 ドメイン の 登録 – MobiControl v 14 Manual macd manageddomains 作りたい,357,
端末 設定 – MobiControl v 14 Manual ios advancedsettings 入れられますか,358,
iOS 端末 の リモート 表示 設定 – MobiControl v 14 Manual viewsettings どっち,359,
更新 – MobiControl v 14 Manual ios updateschedule 作り方は,360,
ローミング の 制限 MobiControl v 14 Manual ios roaming restriction 作り方は,361,
サーバ 群 へ アクセス 順位 – MobiControl v 14 Manual ios deploy servers priorities どう,362,
端末 の 共用 – MobiControl v Manual ios shareddevice 使い始める方法を教えてください,363,
アクティベーションロック – MobiControl v Manual activation lock 作り方は,364,
Bluetooth の 禁止 – MobiControl v Manual ios bluetooth どっち,365,
端末 操作 で の 登録 解除 の 禁止 – v 14 Manual ios agentsettings 何が,366,
ルール の 作成 – MobiControl v 14 Manual ios rules 何ですか,367,
端末 登録 ルール – MobiControl v 14 Manual ios rule 使いたいです,368,
アプリ・カタログルール – v 14 Manual ios appcatalog rule どうして,369,
VPP トー クン の 入手 – MobiControl v 14 Manual ios purchase 入れられますか,370,
ファイル の 同期 ルール – MobiControl v 14 Manual ios 始める方法,371,
データ 収集 ルール – v 14 Manual ios datacollectionrule 使い始めるには,372,
アラートルール – MobiControl 14 Manual ios alertrules 始める方法,373,
通信 費 管理 ルール – MobiControl 14 Manual ios expenserule 使用しますか,374,
SDK for iOS – v 14 Manual sdk ios ことは何ですか,375,
iOS 端末 に 働きかける – MobiControl v 14 Manual - action ことは何ですか,376,
端末 画面 表示 など – MobiControl v 14 Manual remoteview 使い始める方法を教えてください,377,
メッセージ 送る – MobiControl v 14 Manual ios - sendmsg 何が,378,
紛失 端末 を – MobiControl v 14 Manual ios - lostmode どうですか,379,
macOS コンピュータ 働きかける – MobiControl v 14 Manual mac - action 始める方法,380,
状況 を 視る – MobiControl v 14 Manual ios devices - tab どんな,381,
端末 パネル – v 14 Manual apple devicepanel 構築するにはどうすればよいですか,382,
端末 の 詳細 – MobiControl v 14 Manual ios panel どうでしたか,383,
地理 的 位置 を 表示 – MobiControl v 14 ios locationservices 何ができますか,384,
Apple 製品 レポート – v 14 Manual ios - reportstab どこ,385,
端末 の セットアップ と 登録 – MobiControl v 14 Manual ios device 作り方は,386,
監視 モード ( 手動 DEP 登録 ) – MobiControl v 14 Manual manual 使い始める方法を教えてください,387,
監視 ( 自動 DEP 登録 ) – MobiControl v 14 Manual dep auto どう,388,
iOS を 非 監視 モード として 登録 MobiControl v 14 Manual ios agentless enrollment 何が,389,
7 端末 の セットアップ – MobiControl v 14 Manual ios agent installation どう,390,
macOS の 登録 – MobiControl v 14 Manual enrollment 関する情報を教えてください,391,
ABM 担当 者 アカウント の – MobiControl v 14 Manual dep account 作り方は,392,
端末 操作 で の 登録 削除 – v 14 Manual ios agent uninstall 開発を開始する場所,393,
iOS 端末 の 操作 方法 – MobiControl v Manual ios mobicontrol manual どっち,394,
スクリプト ･ コマンド 一覧 – MobiControl v 14 linux scriptcmd どっち,395,
設定 を する MobiControl v 14 Manual linux settings どこ,396,
構成 プロファイル – MobiControl v 14 Manual linux configuredevices 何ですか,397,
無 端末 対策 – MobiControl v 14 Manual linux out of contact 使用しますか,398,
端末 証明 書 – MobiControl v Manual linux certificate どうして,399,
制限 – MobiControl v 14 Manual linux application control なにで,400,
タスクスケジューラー – MobiControl v 14 Manual taskscheduler 何ですか,401,
アプリ の 配布 – MobiControl v 14 linux appdeploy ついて教えてください,402,
端末 詳細 設定 – MobiControl v 14 Manual advancedsettings 使用しますか,403,
操作 の 設定 – MobiControl v 14 Manual linux remotecontrolsettings 入れられますか,404,
更新 スケジュール – MobiControl v Manual linux updateschedule 入れられますか,405,
時刻 の 同期 – MobiControl v 14 Manual time sync ついて教えてください,406,
監視 の 指定 – MobiControl v 14 Manual linux customdata どこですか,407,
サーバ 群 アクセス 順位 – MobiControl v 14 Manual linux deploy servers どちら,408,
ルール の 設定 – MobiControl v Manual linux rules view 使いたいです,409,
登録 ルール – MobiControl v 14 Manual linux add rule 作り方は,410,
同期 ルール – MobiControl v 14 Manual linux filesyncrule 使うには,411,
端末 の 移動 ルール – MobiControl 14 Manual linux relocationrule 作り方は,412,
データ 収集 ルール MobiControl v 14 Manual linux datacollectionrule 開発を開始する場所,413,
アラートルール – MobiControl 14 Manual linux alertrules どこですか,414,
端末 働きかける – MobiControl v 14 Manual linux - action どこですか,415,
端末 の リモート 操作 – v 14 Manual linux remotecontrol 使いたいです,416,
スクリプト を 送る – MobiControl v Manual linux sendscript 作り方は,417,
端末 状況 を – MobiControl v 14 Manual linux devices - tab 構築するにはどうすればよいですか,418,
端末 パネル MobiControl v 14 Manual linux devicepanel 何ですか,419,
端末 の 詳細 MobiControl v 14 Manual linux info panel どう,420,
Linux レポート – MobiControl v 14 Manual reportstab 作りたい,421,
端末 セットアップ と 登録 – MobiControl 14 Manual linux setup どうですか,422,
iOS 端末 を リモート 表示 – v 14 Manual remoteview new どっち,423,
Windows Defender ATP リモート 設定 – MobiControl 14 Manual defenderatp どうして,424,
Firewall / Proxy へ の 配慮 – MobiControl v 14 Manual ことは何ですか,425,
管理 サーバ _ 書 等 の 設定 – MobiControl v 14 Manual ServerProperties どこ,426,
APNs 証明 書 の – MobiControl v 14 Manual APNS Certificate なにで,427,
LDAP 接続 プロファイル の 作成 – MobiControl 14 Manual LDAP Profile どの,428,
AD _ と の 接続 プロファイル – MobiControl v 14 Manual AD FS Profile 関する情報を教えてください,429,
ABM 担当 者 アカウント 取得 – MobiControl v 14 Manual DEP Account ついて教えてください,430,
Apple – MobiControl v 14 Manual iOS OverAll 何が,431,
トー クン の 入手 – MobiControl v 14 Manual iOS VPP Purchase どうして,432,
managed Google Account – MobiControl v 14 Manual GoogleAccounts 使い始めるには,433,
G Suite Account – v 14 Manual AFW Configuration 使うには,434,
端末 グループ 設定 – MobiControl v 14 Manual AddDeviceGroup なにで,435,
へ の 積 込 – MobiControl v 14 Manual LoadOnProfile どう,436,
コンテンツ ライブラリ の 運用 – MobiControl v 14 Manual 作りたい,437,
プロファイル ルール 詳細 設定 – MobiControl v 14 Policies Rules どんな,438, 
Android 端末 MobiControl v 14 Manual Plus OverAll どうでしたか,439,
イントラネットゲートウェイ MobiControl v 14 Manual ERG Setup 使い始めるには,440,
SDK for – MobiControl v 14 Manual 作り方は,441,
パッケージ ・ スタジオ – v 14 Manual PSOverview どうして,442,
セルフサービスポータル – MobiControl 14 Manual SelfServicePortal 使用しますか,443,
Exchange へ の 不法 防止 – MobiControl v 14 Manual SecureEmailAccess 何ですか,444,
端末 OS 共通 の 設定 項目 – MobiControl v 14 Manual 開発を開始する場所,445,
