,0
–,411
14,407
Manual,402
MobiControl,401
v,400
の,172
か,154
です,110
端末,92
は,86
何,69
を,69
設定,65
ios,58
plus,56
どう,53
に,50
て,49
始める,48
wpc,45
ます,44
どこ,42
wm,39
する,39
ください,38
教え,38
使い,36
方法,36
macd,31
ルール,31
macu,29
たい,28
登録,27
作り方,26
が,26
linux,25
と,23
afw,22
で,21
-,21
プロファイル,20
られ,19
入れ,19
書,18
管理,18
制限,18
よい,17
構築,17
どっち,17
こと,17
情報,17
作り,17
ば,17
すれ,17
なに,17
し,16
どの,16
使用,16
開発,15
場所,15
関する,15
開始,15
knox,14
control,14
どうして,14
へ,14
どんな,13
証明,13
操作,13
使う,13
どちら,13
ランチャー,13
詳細,12
機能,12
iOS,12
サーバ,11
でし,11
アプリ,11
た,11
つい,11
lockdown,10
3,10
接続,10
表示,10
リモート,10
でき,9
同期,8
･,8
wifi,8
者,8
更新,8
device,8
監視,8
vpn,8
rule,8
certificate,8
データ,8
Exchange,8
認証,8
スクリプト,8
VPN,8
),8
構成,8
対策,7
本人,7
feature,7
作成,7
Windows,7
authentication,7
無線,7
droid,7
(,7
application,7
configuredevices,7
アラートルール,6
ユーザ,6
settings,6
rules,6
働きかける,6
担当,6
Android,6
送る,6
先,6
指定,6
action,6
コンソール,6
メール,6
パネル,5
状況,5
E,5
SOTI,5
ファイル,5
alertrules,5
agent,5
manual,5
deploy,5
・,5
群,5
収集,5
tab,5
LAN,5
連絡,5
panel,5
servers,5
POP,5
pop,5
順位,5
アクセス,5
移動,5
MS,5
add,5
devicepanel,5
Account,5
レポート,5
out,4
imap,4
時刻,4
スケジュール,4
apn,4
パッケージ,4
devices,4
PC,4
scep,4
IMAP,4
profile,4
から,4
入手,4
サポート,4
contacts,4
視る,4
datacollectionrule,4
macOS,4
remotecontrolsettings,4
位置,4
無,4
remotecontrol,4
reportstab,4
グループ,4
advancedsettings,4
項目,4
禁止,4
view,4
overall,4
updateschedule,4
activesync,4
locationservices,4
enrollment,4
SCEP,4
_,4
of,4
scriptcmd,4
テンプレート,4
sync,4
セットアップ,4
一覧,4
filesyncrule,4
Web,4
setup,4
アラート,4
フォント,3
Classic,3
Hub,3
relocationrule,3
manageddomains,3
通信,3
2,3
app,3
タグ,3
connection,3
運転,3
support,3
フィルタ,3
地理,3
taskscheduler,3
APN,3
sotihub,3
共通,3
コマンド,3
speed,3
classic,3
起動,3
/,3
sendscript,3
AirPlay,3
マーク,3
info,3
的,3
sotisurf,3
削除,3
運用,3
Apple,3
tags,3
Profile,3
LDAP,3
emailconfig,3
modern,3
防止,3
クルマ,3
ブラウザ,3
ウォール,3
settingsassistant,3
template,3
配付,3
モード,3
DEP,3
ActiveSync,3
ldap,3
OS,3
configprofile,3
sendmsg,3
priorities,3
customdata,3
要求,3
カレンダー,3
コンテンツ,3
ドメイン,3
kiosk,3
Surf,3
時間,3
contact,3
エージェント,3
AD,3
expenserule,3
解除,3
ログイン,3
中,3
for,3
ファイア,3
拡張,3
webclip,3
period,3
毎,2
SDK,2
アドレス,2
帯,2
generator,2
クン,2
エージェントアップグレード,2
mobicontrol,2
積,2
airplay,2
proxyprofile,2
font,2
カタログ,2
G,2
開く,2
accessibility,2
製品,2
Plus,2
壁紙,2
carddav,2
レンタル,2
スタジオ,2
ライセンス,2
FS,2
dep,2
finder,2
Trouchdown,2
AirPrint,2
インストール,2
Proxy,2
不法,2
NitroDesk,2
セルフサービスポータル,2
KNOX,2
シングルサインオン,2
barcode,2
ブック,2
dock,2
アップデート,2
Modern,2
Suite,2
Firewall,2
アクセシビリティ,2
メッセージ,2
バーコード,2
wallpaper,2
トー,2
CardDAV,2
クリップ,2
プリンタ,2
remoteview,2
ABM,2
スクリーンセーバー,2
nitrodesk,2
shareddevice,2
プロ,2
airprint,2
Google,2
firewall,2
スキャン,2
等,2
time,2
OverAll,2
ペア,2
Mode,2
込,2
installation,2
アシスタント,2
extentions,2
appcatalog,2
configuration,2
printer,2
暗号,2
parentalcontrol,2
loginitems,2
費,2
antivirus,2
console,2
Owner,2
発,2
共用,2
画面,2
per,2
セキュリティ,2
VPP,2
browser,2
イーサネット,2
agentsettings,2
APNs,2
CalDAV,2
など,2
タスクスケジューラ,2
アカウント,2
Dock,2
着信,2
file,2
評価,1
hotspot,1
PSOverview,1
devicesrelocation,1
マネージャー,1
commonsettings,1
Policies,1
ServerProperties,1
psoverview,1
7,1
Device,1
Purchase,1
出荷,1
A,1
LoadOnProfile,1
attestation,1
certificateauthorities,1
GoogleAccounts,1
windowscompanion,1
auto,1
subscribed,1
revisepackage,1
比較,1
erg,1
deviceproperty,1
lock,1
ATP,1
icons,1
proxy,1
Setup,1
exchangemail,1
webfilter,1
エンド,1
公私,1
closed,1
launcher,1
:,1
Configuration,1
consoleinitial,1
手動,1
得る,1
ディレクトリ,1
AFW,1
networkports,1
化,1
編集,1
ビルド,1
merits,1
http,1
履歴,1
health,1
loadonprofile,1
devicesearch,1
webcontentfilter,1
上向き,1
行動,1
HTTP,1
viewsettings,1
apple,1
managed,1
fs,1
ランチャーテンプレート,1
Certificate,1
アップ,1
諾否,1
update,1
plugin,1
Defender,1
contentlibrary,1
packageinstalltiming,1
secureemailaccess,1
defenderatp,1
生成,1
on,1
日時,1
キシ,1
、,1
ホット,1
全,1
serverproperties,1
対象,1
attributes,1
Phone,1
プライバシー,1
singleapp,1
スポット,1
ライブラリ,1
常に,1
Xsan,1
unenroll,1
aet,1
restriction,1
appdeploy,1
SecureEmailAccess,1
Chrome,1
グラフ,1
版,1
alert,1
プロパティ,1
timemachine,1
Rules,1
roaming,1
APNS,1
プロキシプロファイル,1
agentupgrade,1
直後,1
apns,1
イン,1
8,1
Gmail,1
定義,1
リセット,1
ローミング,1
FileVault,1
releasenotes,1
Bluetooth,1
serverevent,1
Embedded,1
タスクスケジューラー,1
省エネルギー,1
アクティベーションロック,1
networkrestrictions,1
sdk,1
挿入,1
1,1
consolesecurity,1
addscript,1
agentupdate,1
Finder,1
維持,1
loginwindow,1
単一,1
非,1
selfserviceportal,1
phonecalls,1
Companion,1
updateserver,1
追加,1
入替,1
devicefiltering,1
SelfServicePortal,1
Play,1
custom,1
consoleusercreate,1
securitiesfeatures,1
バインド,1
directoryservers,1
コンピュータ,1
gettingstarted,1
パス,1
請求,1
AddDeviceGroup,1
sign,1
として,1
条件,1
づけ,1
バージョン,1
取得,1
winphone,1
ae,1
グローバル,1
まで,1
uninstall,1
Win,1
bluetooth,1
チェックイン,1
kernelextention,1
AE,1
ポイント,1
コード,1
ネットワーク,1
statuscharts,1
時,1
wns,1
システム,1
紛失,1
イントラネットゲートウェイ,1
配慮,1
resetprotection,1
新,1
alertrulesgeneral,1
bitlocker,1
AET,1
ジオフェンス,1
アプリ・カタログルール,1
access,1
バージョンアップ,1
ブラックリスト,1
+,1
自動,1
矢印,1
紐,1
Machine,1
caldav,1
lostmode,1
droidenterprise,1
デバイス,1
immediateupdate,1
googleaccounts,1
WNS,1
WiFi,1
性,1
encryption,1
配布,1
activation,1
cal,1
ステータス,1
purchase,1
addpackage,1
ロード,1
selfservicebanner,1
後,1
な,1
付属,1
exchange,1
splitbilling,1
.,1
正常,1
undozed,1
single,1
コントロール,1
BitLocker,1
Enterprise,1
server,1
すぐ,1
照会,1
agentmanager,1
ad,1
びっくり,1
systemevent,1
シングルアプリモード,1
consolepermission,1
login,1
singlesignon,1
consoleuserstatus,1
agentless,1
trial,1
ethernet,1
column,1
bookmark,1
account,1
policies,1
分割,1
lockdowntemplate,1
他,1
ERG,1
Linux,1
mac,1
noticationprofile,1
singleappmode,1
new,1
保護,1
settingsmanager,1
つ,1
探す,1
adddevicegroup,1
電子,1
infoprotection,1
